quantidade de observações,dimensão,expoente fuzzy,Hullermeier 0,Hullermeier 1,Hullermeier 2,Média do Indice de Hullermeier
30,4,30.0,0.9711167179008099403175317506439140629899012116970131594059134899803462589266377930128004402619758523740127395204348519456586476206096809369001684976233597171964674230237979287070308770065856632503261094680321117626881664289080488751619772334470627643964554137042740099671979238692649804664081029261515840779691940693528378513897510021842276400879301288960495914534050296820689948161940818062039331457,0.9593941400980106802383985855059952050539208834091522323946803266612241306956983463475333047224187652175323828881902309877281968695081951180924263958123311087396189817874603755658482650089704976331122626548372361317517155407946398639595247155010278277268382657752408832766006181186366335352756885158739983363108466697447889536513757640152882351204921353346077730622184647381663493597576230870200637089,0.9640116146621893557055811833422540964645156648662348015187209934510218865830935873328551546259466591497248296906757231949044296108912182344980735409751791076479653306525841460872735206009749698203251507465442669796139585851998654091601355537519457744951298330072168958750863133215334452356687860605669986987564375937027763900531040081195945739810186785121083913521462850583001740365419565952995299408,0.9648408242203366587538371731640544548361125866574667311064382700308640920684765755643962998701137589137566506997669353760970913670030314298302228114702899778613505784879474834533842208721770435679211742898045382913512801849675180494272125009000121222061411708289105963729616184364783530791175258341975270376788261109334677316980769247730368163964803142475885852892565931595118394041645538295078422651
