quantidade de observações,dimensão,expoente fuzzy,Hullermeier 0,Hullermeier 1,Hullermeier 2,Média do Indice de Hullermeier
30,16,15.55,0.9991122999317085467796125822415651314017246917497922823765698385071179089728111545053619575827297087160258475197736779750142735918131265642784399332597018352700745576406382082796434583394508355456532028751947164285015580800223906532479168540319846490993884764623409000635425629905669643776065699542472438576990460640122085625538393231211939515219393285063270183482327711293574990965396199623076223558,0.9978648692631243808742065095648343223014299682274906507336090338726554075271619078792288801028939431267599207016257261652329658331862757520674599009700966182769221763519428811031536382190042886722419149985692679567533128884164760846932527602901466854607190071405158967100595804986666642321516534746823864323465161312544939378045383995899944710733126743931251305071557417027065613121350761656188263467,0.9989902957747233569203169799501013388170531657680935674024190248375275485143706187473784827534696458116051136721927404686927297640513735297314159013633152312611407008917619442890137333856980582897718485770242132455179182832224585442684276509795503393550505179039626018601981615267856465150788515980065589961726464120449379180813114766334469820033146983401196807800212028068640683148927185189309377211,0.9986558216565187615247120239188335975067359419151255001708659657391002883381145603773231068130310992181302939645307148696466563963502586153591052451977045616027124782947810112239369433147177275025556554835960658769242630838871084274031990884338938913050526671689397995446001016720064250416123583423120630954060695357705468061465630664482118015328555670798572765451365718796427095745224715489524621412
