quantidade de observações,dimensão,expoente fuzzy,Hullermeier 0,Hullermeier 1,Hullermeier 2,Média do Indice de Hullermeier
30,16,1.1,0.4835395139758601890704612969707691686213812970024968699077854155343409830964670475535119394482972607750837472986924671974312738945131765514956760055518291301232904709105130145421059605070868632737751532296750139288590660281119291269325853092292333670585413308620362739282334734781226509623063083123733382005723161307192900039418306244777259200393420238687319425275316620200490099529275640191153359247,0.4921898757086414151010450089517112041854268896565313622052607534021932244436457823984179060729999859589338181595747574959690174890181789842212384782981458255963452679653090291260604502561177603667405298930098566498831427597168646030986860927171834655142247794470071493428165841588112316207273047058466022501852724417337929227408718305080920424721681393338626460026440740126399999218181890388033414609,0.4867026554776528245352338360601415834532598270746360379790077289991944493041742255253849142631236746486049449889417959209180803806798076773078260820094100795572292822206478271672678079739232349032055973438168990569380260392238125968593004863725766324489023280959200683199084834182036798363343818978895774167433077454039771373293114576725408903726122352019841028381832241939025353627351867701059713844,0.4874773483873848095689133806608739854200226712445547566973512993119095522814290184924382532614736404608741701490696735381061239214037210710082468552864616784256216736988232902784780729123759528479070934888339232118934116090175354422968572961063311550072228128016544971969861803517125208064559983053698392891669654392856866880040046375527862842947074661348595637894529867421971817458269799426748829233
