quantidade de observações,dimensão,expoente fuzzy,Hullermeier 0,Hullermeier 1,Hullermeier 2,Média do Indice de Hullermeier
30,4,8.325,0.8762467630206971349312791265263588551794847194710183715096283203467023268643000316484486491760186515300007765727313720426317982967487504726214748888440965593244189541662642857739658722842075172374744592437456503627109127219266309221821051230478345583598705566191963722612815183053278720100748481688147358756861205956524190220282471234724759551697872528063004139957734719293379593093752077849542409782,0.8999801995905789176194119535060137900902307520891786510719503416143419063496325855363329711436056308840308558103547829102136200082696271785841455142205560851400975742660948847975828565733916777431387501911995194961563495064791321052636678013291815519172940686369249339993631142216420691689500552156101900004855740186088269153623408453691366678296871900097952805414500935621614047676925614211256682741,0.8642286665234042507755307334594342057617649348303486549060096952440157019152405442083138920077015434199839039609028449676442845551235150334086728573514408207877751974446903411319305610406753069499414262676719625078301966099932597305976673027519303896077087385480107884457836155515259598091017649544888136170822019835520937587597995131034310562749540400723719995308827912494503323181131930842637736708,0.8801518763782267677754072711639356170104934687968485591625294524016866450430577204643651707757752752780051787813296666401632342867139642282047644201386978217507639086256831705678264299660915006435182119008723774555658196127996742526811467423763154999616244546013773649021427493594986336627088894463045798310846321992711132320501291606483478930914761609628225646893687855803165654650603207634478943077
