quantidade de observações,dimensão,expoente fuzzy,Hullermeier 0,Hullermeier 1,Hullermeier 2,Média do Indice de Hullermeier
30,16,22.775,0.9991856434892394123275196463310966299958737968334805513568108120055602474527127448021158513146372226457195516697594844459404029631406191924175080391522826741571502207839920539396241591770208649594640751660537610353915669004793233568189171473401928906097672156574280588758379192061470514506243498538592985077913509489727965477871872269487200447940531452381609869513897385962066110622666097986903717362,0.9968813150235860231418311461766667789163000015008926594427844040620545218858700960560810960826115678003136178164144259035628429271423336322062791413538235477833000600826914630815828122379156953325854944141043850627438204622866155173691504917940071949295648670317604900125130965066287121131223428557743422036938707418732307348825799064665563319059539682481875875208678676327453214270381021995857880654,0.9985152833966045819014469776569441896824406758976071071962614844102651622279988788537021113595913125683311698537419393418668158879862915139894783173284202578863905804214009867325467015265996506234826328798108833654598967878650583724688744814363616425520994174731104952459683870516271004603958255057142583339487224699435835922456007595668699464371514366108901173467655061749372362201872152868527825744,0.998194080636476672456932590054902532864871491410660105998618900159293310522193906570633019585613367671454779779971949897123353926089748112871088499278175493275613620429361501251251224313845403638510734153323009821198428050210332415552314040190187242697143833387433014711439800921467621341380839405115966348477981386929870291638455964327382107712386183365746230606341037467963056236497309095042980792
