quantidade de observações,dimensão,expoente fuzzy,Hullermeier 0,Hullermeier 1,Hullermeier 2,Média do Indice de Hullermeier
30,8,15.55,0.997822010266365018198968809466851261206129070087454867686538550082528731163300834803061122644136378722999170348906874210947633649548076578645672180532990049617243846543807828562896100215088188389696688507030718366569400254601449349406014667837755833516443183065139824962442504556419566679517015355903462060167546646236160924191407764850301404949413948830854074190184002001400752954794075095426739678,0.9975476756230930369585125451343760369212041767154404534911759763065678951005894926461766629321019900423852649510322397164718320922840881370079148730246822202796465798654655016072573145838499744418505350568904569243631648141777996315241580622102006574076434000350860450412843097708659481316624588296711504690918176165584583383936365348360481552659350434784568799320019898568886020421445513953220477426,0.9946119314908778095636153561904379622873909212931226342423145645227907384585843479372737107594059671059915187635469543254704639126646311098686790194885317803268870479324094023208618152472511857753003207501279797954321869009416935736667361039346753983062188772469904239407043753383735961726225531553690305869999861349130605163274547777329109222182154896669950130856076228318296305669791714465465150645,0.996660539126778621573698903597221753471574722698672651806676363637295788240824891795503832111881445290458651354495356084296643218165598608507422024348734683407925824780560910830338410015396449535615848104683051695454917323240314184865636277994210629743435153449072097981477063221886370327934009113647881038753116799235893259637499692473086827477854827325435322402597871563372995187972599312431767495
