quantidade de observações,dimensão,expoente fuzzy,Hullermeier 0,Hullermeier 1,Hullermeier 2,Média do Indice de Hullermeier
100,8,30.0,0.9985052396077004409675201496070927410604976079825219202769398465639021620984276812860380507915564790641031341979954271190292613151722110396988771181568663060752795251674104290503913249390374934905044357499163266248665967416387138795506363834980480341861776657549634465402694584162741738513959050668877110732201596456022072587046830281906025287332898931226254832164455468686581552791846515509552868511,0.9991194517048879373610943478104499066188243063828817687177051207835408319029137598622008703756651389461885015245674801796571775293607984523425151300495350635757749856190400390213657882759017071770317622389073571443191952768811719693185003145532123614189742741781052778203694329157635031849347656970020864526631150696722932573946339554510480631298868100750080074922525589173767048086374707377779339832,0.9985930969062797155249470980369833546397333328597581004742178750782765305328078754569323143405503841830511556328498985823474015721768197483444525488284684774601618279463473827194470386877821450994043527744553044560196394745746432240340292600028710250979183816454009711713311127003988910031591627742120493912085851508322828943837024825620658276916617034050528097527876942564609849943262714950242915524,0.9987392627396226979511871984848420007730184157417205964896209474752398415113831055350570785025906673977809304518042686270112801389032764134619482656782899490370721129109326169304013839675737819223135169210929960750684771643648430243010553193513771402343567738594898985106566680108121893464966111793672823056972866220355944701610064887345721398516128022008954334871619333474986150273827979279191707956
