quantidade de observações,dimensão,expoente fuzzy,Hullermeier 0,Hullermeier 1,Hullermeier 2,Média do Indice de Hullermeier
100,16,30.0,0.9997142858921062914346545756667652422156742733511561837532320490361497859278555815704455989272872634031875678174711188560499630756046808341685602709540317469682475089235330750833254203149789641562081645846447000145908317989290849130104019420623758398736087862982402952556037849978862180763600782211537169814901291360389501974372065038193084869769385741954777055489618906954983373856691444901479396499,0.9997358440841895216432082872087049058271626123689808401087745721468193588662135492792740586272377748184808113787144899539843250924724424909982091434181033470073542004090717091006589251407648880840990543080171545602066110216636125914699608201054713255829248080222100677924956478803243767717726386062091085079871645916415023387860026487652266791465205958796424394446499031584629446418176343458282528844,0.9996869128196834261407285872754748444093936228243732329740719528578747923451482172413499997797900446122408167445019557292252911640993157926721415559861091478224858180969050482057215593611302613332625737882431518397670614422130157926348180364634805219661309357300037335999278146935612632877657810374472146085660795810199852416241601401571674314315437489403083503172165681401811870415300747471972520381,0.9997123475986597464061971500503149974840768361815034189453595246802813123797391160303565524447716942779697319802291881797531931107254797059463036567860814139326958424765032774632353016056247045245232642269683354715215014209352377657050602662104425624742215100168180322160090825239239527119661659549366800326811244362334792592824564309139008658516676396718094984369427873313808230230056178610578148575
