quantidade de observações,dimensão,expoente fuzzy,Hullermeier 0,Hullermeier 1,Hullermeier 2,Média do Indice de Hullermeier
100,8,1.1,0.5063194242875399344789487074876412396067046648325627611566563673718395224423709446388394135699333214060079500361205177204193523726678273827434711512715582025529628532167388803919590009611096982024983091028689524427085806205276020484539985321120346483325445429087269676371587670203398387851172667696132535704726038289910341509346011553067791236737877104504725565728829612013230779381482636691873001301,0.5015510538677549336621927270525009696632264131748810772313357709655754639351433387774414649466190129034787704786853938432660043245731134033143200465450224522674025502323721034987830794244669464298559838580661606410097273516113347517033748155657957805901289005541482579375161790460920608314901186008124026546818516590631764281385807502190411666475917372830713676707580392107948913857652491516083751036,0.5011176333701465897403353374619782944324966962142633696007060362701661874484726030285820244234042329611108991727150171384263717716837282240300760569260648236160651160831171253544671903008573384626267498704560122413912635040974872096310653040245738474342235736288975111363136522630338786633893288720365162854863673912196931943527302542752490578552955871118571533979708133530745074957135587556258589254,0.5029960371751471526271589240007068345674759247405690693295660582025270579419956288149543009799855224235325398958403095673705761563082230033626224182475484928121435065107427030817364235621446610316603476104637084417031904920788080032628128839008014254522990056972575789036628661098219260933322380808207241702136076264246345911419707199336897827255583449484670258805372712550641589398756905254738447197
