quantidade de observações,dimensão,expoente fuzzy,Hullermeier 0,Hullermeier 1,Hullermeier 2,Média do Indice de Hullermeier
100,8,2.9,0.8740626726440194745539715304117422833467881223315380427814131210249186643235522531760657219022033021424345920154412875484603071910465685735613471799564553399359200730537192498388467749334839335550581308899936431628178087726101678904519569898310792646990732426249671011330167622147060695644682354952647499007461363054881641610612507973758418412465622553881159814604529887834985523443088336518311988967,0.9087350809706960097605683887385354668442232115490789245095147510845555934898604633867612985467485553127669386171791140959155407308251085482944635413553895680587992685154034729373205763050587185072309591674525330692813547843765740934268781593125736437452453311012919381119999554512242193797325899932642250090682342385054666083709946535724114516869128670322155458891017478902549613524906248433248931499,0.9008368796185730273684770168947002518619047142279759852344749131095130855766791298440839201279373238841304295589473182624548256304367438995571004154565511467556953195357071619910471510839248905060160454914658092870800981084472656150368893700960479973744131719685254671008875567151214145427317029344028440709599067727970309221159222711531440563345818532714494338269573181405655647532298550006623821847,0.8945448777444295038943389786816593340176386827028643175084675950729957811300306154689703135256297271131106533971892399689435578507694736738043037122561320182501382203682766282557381674408225141894350451829706618397264205551446691996385748397465669686062439152315948354486347581270172344956441761409772729935914257722635538971827225740337991164226856585639269870588373516047730261500097711652728247438
