quantidade de observações,dimensão,expoente fuzzy,Hullermeier 0,Hullermeier 1,Hullermeier 2,Média do Indice de Hullermeier
100,16,22.775,0.9996338565822968213003505335343029319194367452038980367734378395207878808939615625763841349907525081541855414908407692307323242022588642071218832248581778963100042336287142124179738643942190096257583376539302197485241580022462508793632756947515980189251703956675235229788051747451763991890378909914838367321513486836096785852950032644657997521730731843865645239945260037418320738131954720229647989266,0.9996894552032247078308850014602202759763434194526537652854098385966233056567122832837407765387083728860219149324889626403414219146749184400671822059029788323296824242097298864337259133681390332970768813981071287394405344149602925752405295907900057512218050028114801125052162336964982194320748989596244928079327716168226847590675400780100450585339737151444391284071907739623254356467602516677407225135,0.9996444085017812268768450377971856851721415859339504527235395337228808410153376629288158123622261046674424382246571684053008785477692719207108207218181444215119494821783577275388967536038044991805946789271396444822589057553921524094222224211046075375619398672523219738461010233541886501822303235147153761897989790834232313068953414666525818009424507477379654227080925384924070972844385656183679003848,0.9996559067624342520026935242639029643559739168635007515941290706134306758553371695963135746305623285692166315493289667587915415549010181892999620508597670500505453800056006087968655104553875140344766326597256643234078660575328986213420092355487371025696384219104418697767074772652877562677810378219412352432943664612851982170859616030428088705498325490896563583699364387321882022481314297696911406083
