quantidade de observações,dimensão,expoente fuzzy,Hullermeier 0,Hullermeier 1,Hullermeier 2,Média do Indice de Hullermeier
100,4,6.512,0.8980052479040654402049955550398065229027687341818236205567874221226411817601746465930093747110137347067017792603396382438499306209758370050772549361851195927028486248784743088211970511035973396781312840702989727863046805169605125589855760511641198302011335233298730139745691807241886215215203815514753045231963360831242220829017379787168860497211686157040224121710990521243932143362077147606582201801,0.8932834303836997630976679720346061800844565439442412454452519515253609843605001509630354541752233294385727375772827821365910749409440224371232567868534043043972323092812026441449936046702650773555115677130499318627042759937313587112704261858993392399979970930336068105292375072350230593709798561554651075436372284523789043327628374675590431701583194804392192434194308259669266692871609481643823249802,0.8959036953509464180954696087029693421229269751853187958123572990510090663979712307446238044243381107251490430762723458556239570430618556312171165965602162177205829647162315896913693051092985894792168148999764237813060230113060376943438681012195631283659732725585591926455521477694683026329151649722309580101602575264422627562935820629335438222835975160594249178714740489451219165242146419687580888002,0.8957307912129038737993777119257940150367174177704612206047988908996704108395486761002228777701917249568078533046315887453549875349939050244725427731995800382735546329586361808858533202943870021709532222277751094767716598406659696548666234460943407328550346296406796723831196119095599945084718008930571233589979406873151297239860525030698243473876952040675555244873346423454806000491944349645995446535
