quantidade de observações,dimensão,expoente fuzzy,Hullermeier 0,Hullermeier 1,Hullermeier 2,Média do Indice de Hullermeier
100,4,15.55,0.9799396711826764956995833369759839458194471678689253855446467811809268500060786581123433232773670879648243494965784474550877069414844073622651490756704589197895471462390503008275967454180883841278332724752629113592606022371836135212946581363216225393803434011056251814401804885664857369851246884437269411648044788116689505880923246679232462115792563673083594554426770038107263357203841768135870269041,0.9612601365161922012654262911820301431320099695415862614000923214741567182271185408248436711131173135403897577962015136665754202194727759842834303761620192501062614863540354893909850808010223143114817582763690298850642432282717824817892355866976245634358114450750217999517738602550690953015537418719156578235211906712934836643978198217909047676551472421467581556037100782855832546726639367907327942065,0.9588347333670906614912785916977018367295099196466319012445066937136847317574636981887876776726553915907419528292848208413864733456035193039722147452321422926985135190140418847835834751140816562599808169710763474487099469459671527450976444497386999025098374917417192664031085381466804201698874591879876295686796967061130626776930752027101970274270225176460758518424984517778807545916311095896562043304,0.9666781803553197861520960732852386418936556856857145160630819321229227666635536323753248906877132643653186867073549273210165335021869008835069313990215401541981073838690425583340551004443974515664319492409027628976782641371408495827271793909193156684419974459741220825983542956560784174855219631678767428523351220630251656433944065641414493355538087090337311542962951779580634483282264077313253418137
