quantidade de observações,dimensão,expoente fuzzy,Hullermeier 0,Hullermeier 1,Hullermeier 2,Média do Indice de Hullermeier
100,4,4.706,0.849267026192432797102348563009052702435377318787354228726007739486622189009678862469198009310771218879510211767065524989633268580166977375838177407710108344737409782842691530605865606545595744547900406220484823369314533805018322163206162629646644392028362254504530956066935766340400155479585870095630752335032857333383621793885857981841610360436819472339789456691295304626508748543852747856327317857,0.8431911326306683819092025737095462938125836786814467637726538994877782854457922592598059771721847112225231550660444478574284491026181826860726213512722222936245078282868902922805411712171287603953618529737795985536538993763112694295544267525465269592265508807891624574644545242021915429177729510103888602822933276089401376971109131950688141347648374892025966661353018473156121734597074224213333293091,0.8469290373570806236005990558315008544400088120761823718160517212917184255565270192028544687331074904153542252676153307225394403938280148225353490926530861369047973385203315074654813658675694264942701239355576372413443462548431439364618324038258183743900780056218930523429222299511124303336988182547353755477547008265019403461101718286298412279972890592127405613076946901101575820455555720760779265608,0.8464623987267272675373833975166999502293232698483277881049044534220396333373327136439528184053544735057958640335751011898670526922043916281487159505451389250889049832166377767839627145434313104791774610432740197214375931453909118430741405953396632418816637136385288219581041734979013762436858797869183293883602952562752332790356476685134219077329820069183755613780972806840928346830385807845795245756
