quantidade de observações,dimensão,expoente fuzzy,Hullermeier 0,Hullermeier 1,Hullermeier 2,Média do Indice de Hullermeier
100,8,4.706,0.996598566549897592063580971480421276897442133710547691902732792304783405747913877217688652031004068815328544020045271524158737278448761934391482920806290592944117959874480717594390512032648852590965998609303617246011207717140284384861110654137802770779690261361870883396200026075617247874632356055016705587477620655977960927863946567145508273455021893241479434508085393511015233079313595086772656348,0.9966825864000668863907417655211725661017561027335508542816566933307273773929814687017547625416547510680405311121779393528803239682071975960655517583461280752790453750207671261559503417231561007951547333741585912114301878487613895926550782884217856168631445209185220912923545035016841593766358786475244805627389736335975948734377945501809292695069663219993769945268141041426107791106961290603223076833,0.9964225442693897165508502199378750761440546056184537035939426004967904205720659540462148028459196210101290640580943414873438158444381497443224163857787255799380679371530342000143269621349212494176553730273669440124063917468994022891248632070658434119930085990164376770659253802366297490076553045898096429183159483038583866303069092895925434303576040877726849484444127376890869070707846638119777815756,0.996567899073118065001724318979822973047750947354184083259444028710767067904320433321886072472859480297832713063439184121460959030364703091593150354977048082720410424016094014588222605296908734267925368336943050823282595770933692088880350716541810599878614460432276883918159969937977052086307846430783609689510847531144647477202883468972993657773197434337847125826437411780904306420264795986357581869
