quantidade de observações,dimensão,expoente fuzzy,Hullermeier 0,Hullermeier 1,Hullermeier 2,Média do Indice de Hullermeier
100,16,1.1,0.5072473113499656492148002514364425493718610142927100896992168672171899229114627505840827640033311036979406853001562764647410188989461008501012995490099667931179982419166309672599688251768541621905328284108112508215933378567646570942170023491672782722293271094277075096185722146464293273760664527446638048307524758527874171936876814314195381462077685806567325471262081147372338829075692326870171956274,0.5016524414041300285361771096054395351317745939998479205895158794184420990594991023501884515863509342825713080062625522504498556021981062055127866732678394873732651606878766086003675199326404061929616960303013444115808713394075820504679109129307471956311359339816718982548874497182815127780374608135018222587520311609630137451360082681533175874931147068949711676615394986048395959202395716816174700562,0.5015846031581629134257270154324602874392482030973535814141528983965818664717277718020616075740069022374733554333590183417563324299110405652221270048053136413144954784963879299546573377434218457622805851755153075117928749548028041344066869159210160447985069311506851171478289138454524644044921055106110495344633557360262997417081020319280353008500082612675304472448025399610164505730750574024566545527,0.5034947853040861970589014588247807906476279371299705305676285483440712961475632082454442743878963134059951162465926156856490689770184158736120710756943733072685862937002985019383312276176388047152583698722093009149890280503250144263638667260063471708863233248533548416737628594033877681861986730229255588746559542499255768935105972438336303448502971829397447206775167177676966431336279539236971067454
