quantidade de observações,dimensão,expoente fuzzy,Hullermeier 0,Hullermeier 1,Hullermeier 2,Média do Indice de Hullermeier
100,4,2.9,0.735299863986891302414634264080193597838487050664730682397725672999368916422922778835840049155391055718509832863521004740697582456328857433930548300399316667937081421668436147540411156669903406961452680467685785070117210036521572532803734489553058231692176685851019565288881177414352334052941885826112557808311119760708182208549226139141540790960652765669470781738920372266835923094164655813703668719,0.7274788848848725609707523183247990032308438353633889093861102608362229074065320004811746668569111400777258858740987346989813371933696065978045459464007724576385322294174767203908875583171710880148760261080758497533618318164180108098352186961878985936606542335901224815701203299417101055108437639386635315817627939804590870543623551110361667864388220427971800752467060708954317040942274664321961289046,0.7346462286185459097040743888665130036973974791795094214155452043273797107144590770029173157874492285473595927212096053489600725651294349648630994747963142358007910230850949731598186718608139667213003449123703714491850393177547378846708027531741706969607040747157027405336389259866805083480582714695033572561865887609183676158038958402109494695975030411584101831035353277369970970121968163976127344086,0.7324749924967699243631536570905018682555761217358763377331270460543238448479712854399773439332504747811984371529431149295463307382759663321993979071988011204588015580570026136970391289492961538992096838293773354242213603902314404091032519796383758407711783313856149291308801444475809826372813070780931488820868341673618789595718256967962190156656592832083536800297205902997549080668629795478375106774
