quantidade de observações,dimensão,expoente fuzzy,Hullermeier 0,Hullermeier 1,Hullermeier 2,Média do Indice de Hullermeier
100,16,15.55,0.9998064439449071619123782631454116664012288614855176408111520298026652448688362999631620534865890171732545873338411102551576330647360301252872436780509753328312097252331819704147799893824794198732868771240809405716394852742398074252821640103046662487344021673555668588789054642055161527671692441316672517138231301660520850452034128631861125685004373335415989678018335514029288431099051084042403655116,0.9997326991527462083434067504402667987383712639567084587638168194725339753382752385027994660958267750879986965261412375331391767847098379104266452841132960536825935882392630700577842392824075888968886129263240512190463364524906852489949604997547789597285230325884499766641105675865107253512441182489216490277086631822499546158416442394118815998842285882247879040854916127098685624355763446767249115436,0.9997293847311037526058266784177077745664873466242968965077122238523141595098304597078488988038474782546952020185790561474349521504622937457529269946602477015848276609362195347602335281190898729729523570827112773186236046867903462502534426900325348093563566545887027703574460109044545760399742525264571341868980449470442251182186763717184968026511735070479181215441608876957311087051710238163486316263,0.9997561759429190409538705640011287465686958240221743320275603577091711265723139993912701394620877568386494952928538013119105873333027205938222719856081730293662103248028881917442659189279922939143759490443720897031031421378402796415101890666973266726064272848442398686334873475654938180527958716356820116428099460984487549264212444914388303236786131429381016644771620172695095047502174922991046362272
