quantidade de observações,dimensão,expoente fuzzy,Hullermeier 0,Hullermeier 1,Hullermeier 2,Média do Indice de Hullermeier
100,16,4.706,0.9996198726384095166266977766363759858934775212673592898606379285785726261662658359402678926882513348686562686147448667616230701161514297148043260844370019958040930455886864425236045875707000992481772386023267774340330526298527562356749888750335327662219171361695649179412553503195906182718556201836233555317394615667204604260909329283817844454418549121178399908758363485218778948745007577582509528009,0.9997164289822418859669309984346668755877783052757912044784046373975759171296460489766665713155266422214505627486618108882039419812134813921235048024670477389855454410138609628493437389976135585823846121102178711711183233619075758584746721515218134634005952779381998681367279696947011276410383289179378668742017748963521030350088645939969052169108572288452581295534078026910158100383423747757315050872,0.9995370032334469577416654510548715947422715697593876597537172424279514265001190749525713533455573797429471436363282502757201805586823183783649976922095876934726964690587483879094210171938731917902539489316067377772643894485269631523822183919541419996072722027449973968706565449840175518666864794859767713354285257618686600623237002761305682702695970423222279092327026041657762480185948239199575819267,0.9996244349513661201117647420419714854078424654341793846975866028013666565986769866231686057831117856110179916665783093085157308853490764950976095263712124760874449852204319310941231145873956165402719332147171287941385884800957650821772931395031627430765948722842540609828799549994364325931934761958459979137899207416470745078078325995030859775407697277617753432206489184595566509771459854846466799383
