quantidade de observações,dimensão,expoente fuzzy,Hullermeier 0,Hullermeier 1,Hullermeier 2,Média do Indice de Hullermeier
100,8,6.512,0.9983424520683421451861461611613248111133059866739462795950980855488275002548332258154909941128022244226488281875130785763860259747470141890072622136100023666076692054555089434338744477520915613768142012265911515203681859563954077594836159061798928026598203041241526728994541809101352074057207282671279163976938628938222586097830801047794962095151721447110103466324836355100667148961615864347253144737,0.9977127310244066084691255662148222945809642272853006024358303311389719849494471484296712963699459967686135981163447715619576353792032830895502826631779570440473870196759101686622962936151886397519880665125219423529059437491837685686939574869943844954234446230384834066038053684533700801644165008334489621204101521190600863441525866879654237266511855627274637381341983990629867577314403801697709568558,0.9977218048934793584616721564053783205370335589568409024578798124532475410988695273821408707131235023553058861684567653483576573468018782909348396779982880948204547865564923596004522628152989717327789444296140312308351295536902786625991771602671789488724507016143338153434016587372878318578132217863238370915048786931828011832609782817094284014313856871396864862816363991380943770055455021493083513408,0.9979256626620760373723146279271751420771012576386959281629360763803490087677166338757677203986239078488561041574382051622337729002507251898307948515954158351585036705626371572322076680608597242871937373895757083680364197530898183302589168511471520823185718762589899649488870693669310398093168169623002385365362979020217153790655483581514494458659144648593868570161061445703826165443824895846015408901
