quantidade de observações,dimensão,expoente fuzzy,Hullermeier 0,Hullermeier 1,Hullermeier 2,Média do Indice de Hullermeier
100,4,8.325,0.9240212370821803398081976538982847910724492865267585594424303484562327847711684106858226362109070813961764148309408820217001125365456771704934974328197190306109251502580759715595030025125667229200425193209272054947036514831641901862276783748099158707097534879025611322832586407758749050264627328770413753669623742406819822418478131681162590290181448657076447321875411762858340575850824071032259960615,0.920245509995888948666547667141045094689395066696221780781583143262119163709150603858765272364107560648621483143850267729320181643572014691641448473705861035325925619090638538509030173620430704632220876783593112768294082162258812989033565228355216832577566687798184997045964862248462925786690182012858242336424447310964720984691641819126981399172854360679230676586237620074594895681252378001897211597,0.9222526017464343305325280019437122011894215014815786294340331934681456606117242541826662259583717431446905725292174757195621653182400714081871513778674335066356917960713054860455234877882658078052325872325215092052619576073358061063572957841607088892333178498635289685349027806593349924827086481778778662364615311171486302934825384968525732985425660974432835221470593816306413212034246447002219186116,0.92217311627483453966909110766101402898375528490151965655268222839549920303068108957575137817779546172982949016800287515686081983278592109010736576146433785752418085514000666537135222130708774511916532777901394248941989708425293642720617979577528053084021267518809169928804209456122427443195385435592582797994945088959844450667399782803193790891118844127671964364027939266369009148991980993511504209
