quantidade de observações,dimensão,expoente fuzzy,Hullermeier 0,Hullermeier 1,Hullermeier 2,Média do Indice de Hullermeier
100,8,22.775,0.9984504057619074167138642618033834673801458355390588240525497675905926158387474209734304847313920243639800758360364162049395997892779904091023229527474819612683458136045248140599972911079722434267838231524672173738318119341641483597044748607848225000548319194937777210605715737564314023800434940755609470768105626888100851350774194333686153608058121036773107352169537933619798102614915214649005988933,0.9990777729071510838099974463425353996217471109062032841466991680287103454434607122637154323787573217481832625198456973812700769258046410191577142158121866093799633853872746744337960670840467489445368873681784418962221596540079084877020239877284186275888676312441329220751902299944206420985214220372024464976495282405746752631154990658822252794026830370249422998633743178092911402426818935601556335813,0.9987376458332277359413728920260328118724993512286082549337585331222630194258578409717010654731294443456826666304968038769984295693597372719484004365956187548936361532897103577092267782106518935787817021616063589642893156210958315553882317622670972512333218176548357384942627566637108162961786379184175264430495393200577367292138816887817980749373961559076633280673515386868233967822455277439526622163,0.998755274834095412155078200057317226291464099224623454377669156247188660236021991402948994194426263485948668328792972487736035428147456233402812535051762441847315117427169948734340045467556961983367470894084006078114429069755962800931576870260112792959007122797582127210008186804854286924914518010393640005836543416480832375802266729344212905048630432203305454382559883286031449095472980923002964897
