quantidade de observações,dimensão,expoente fuzzy,Hullermeier 0,Hullermeier 1,Hullermeier 2,Média do Indice de Hullermeier
100,16,2.9,0.999263334579899656747579680849173569614840068489623984108608625149121010289207604952496830498577760342989773852575671499294810772472963099090546566028337194754892730911347305163562161268707283169902140397205554313126110633977873453721300739272960188232545743636571329814784037998708460485937764948340597593869082844904937169949504393059749911787961576076757714826976672513238736558455113737405873406,0.999537257158782607908552353459575332737910105399903208469272444414096037949195814285704278722528945728586866942390015977805416441848205837491784734259565936280927928191170281919356026936270851416252230190107727871296126176474451493193267699668098729767733445304082008984769275405505699226738745078968203651691198697932393118832807321611265022205920910332202907713323213118779192687523111394221013027,0.998941968634139146252437389273944851524520693637345479710772693658815902027928520339919022870614975723860888191144962776865377133115606678475837825009577133651099426691372477162763187773582500991345847309920168329124921410144173784330264385489096389633221034714428736085461039601890732949720992402427204648897300473563141636992398043619111300174820084326077451234172022953026878487504876470122726225,0.9992475201242738036361898078608979179590902891756242240962179210740109834221106465260400440305738939318125096620368834179885347824789252050193897084324934215623066952646300214152271253261868785258334059657444835045157194068654995770816109414767184358778334078850273582950047843353682975541325008099120019648191940054668239752582365860967087447229008569116793579248239695283482692444943672005832042193
