quantidade de observações,dimensão,expoente fuzzy,Hullermeier 0,Hullermeier 1,Hullermeier 2,Média do Indice de Hullermeier
100,8,15.55,0.9983461321571716351212193414732814990162052019136862446738291415196165579194895157671482841775843666795124860060287231223138878745677347088169867155723226462621542664004715164395071855597027056316225427851398054846081230027840026811401706454326993480409828143301776590917408147305037565887683680344566409561661916933144755770666495476195505382214331348492181006388575238646945667033456405766955899702,0.998726582815101461243484664320505275178412746825043123454530026118006546148693592147631773423881194427322861561706482868252685285525489077450088775846468240679183404603304404488064000872891912005724349282199037187980008008015756581017546690388156965303820619507149975007425784225707006297899961414908565338735399674573865200540198676603763565194545013522437704206298887354282912810715654232158604276,0.9987224517166551002798000983825057361869557963834913709030565770262430818609459479689865893571998157696504487737923534420979804654484078118160437304589490736306396837750108528980785515924720481067162447574914864080635109149333908845857966407717659645467605650929972855364762941277624320763826465639306861120430508623863602607028690156316544756714282802444031642259549760946018756914177941088336363912,0.9985983888963093988815013680587641701271912483740735796771385815546220619763763519612555489862217922921619321138425198108881845418472105326943730739592466535239924515929289246085499126750222219146877122749434430268838806419110500489145046588642074259638546663101083065452142976946577316543503253377652974689815474100915670127699057466183228596958021428720196563570371291045264517351596963058959435458
