quantidade de observações,dimensão,expoente fuzzy,Hullermeier 0,Hullermeier 1,Hullermeier 2,Média do Indice de Hullermeier
100,16,8.325,0.9996145186701613383670583958901478891298461129240049969475433956558050018330653345435216769801167689890272870445326849352199767720886442753511349474933310486182770943405216998546508461905535915489312770363880995787617856469411314497635168838334039782040559642174310875888148764137183406283053573035487602685302128827740993734807956694459599204084537539573937743085586452263402634154070394743378931436,0.9996142131315662258931649052491491256093343054578256843573166895495003707523277241554854855539364253827314895268812669442028836850097043254714941131399802728173764323998609023421049152650321779571969957529556900902658025096627654273596966831595373558718053126415652459624320280317761510297608573492363407968869375148092882079951337438176182605280600092939282223093401984176972804206600965144118478005,0.9998395561855294906930631184727760393722004327249362281936689796096736012080206912131501045326761634460540267031387042192518643688351346459922264047519076933823016403872245106981149596007444184479930223300659202611948452961875514999007463613662771402543953515726913439391876448260641905269479031746047449459196799755235977005549629256402355667536873571222133139318551342425157427552639019021897319278,0.9996894293290856849844288065373576847037936170355889698328430216049929912644712499707190890222431192726042677581842186995582416086444944156049518217950730049393183890425357042982902403521100626513737650398032366434074778175971494590079866427864061581100855428105625591634781830905195607283380392757966153371122767910356617606769641129679379158967337067911784368499179926288510955304436792969798242906
