quantidade de observações,dimensão,expoente fuzzy,Hullermeier 0,Hullermeier 1,Hullermeier 2,Média do Indice de Hullermeier
100,4,30.0,0.9871730773278008207236335337138777346701835039528696387403524698904389033597691988781377856779487640912448803191221004685249235859091097633882755294840322518704473109325153452106810992346052634400204148992253237100390547307425788104668172946226161006785727594678986686709815365705780885719459733342710604666054962796385066245145149644488397081165637656524336360834422948212475461275341599511280941698,0.9829456323928191486079725435822139910083255074494002386475021538080494271100846301900068575093594550967004109768949933083241418226927265094317392189035074333533446717258348359124679131882644676857389729984097623410262048281942369700443922690749499257101631974703287039394148953536841461124891737825494155986088725298941995838559197563775037081776770302763270461240423207353287196497076752230815430542,0.9751912520256824084163018972009609028346726392781882499478983864002676731239215406394009045672676788922398466346072683626301345716187937833240805481533293083830761557313592403874258466415389832999629842195075982752730077000786254771579685288790128733540850651937723835618780892193277297916815221483805621207857114563089211064617851164240985456243194325082867142811056939742414626723169081935809948942,0.9817699872487674592493026581656842095043938835601527091119176700329186678645917899025151825848586326933950459768747873798263999934068766853813650988469563312022893794632364738368582863548029048085741240390475614421127557530051470858897260308588596332476070073773332520574248403811966548253722230884003460620000267552805424382774066124168139873061867428123491321628634365102725761498529144559302107061
