quantidade de observações,dimensão,expoente fuzzy,Hullermeier 0,Hullermeier 1,Hullermeier 2,Média do Indice de Hullermeier
100,4,1.1,0.4959044272846462143482259025054472838751119574233392155721543077407129031928407627693035797498332969567640336355485642171461748318140099294896926493096293049630896510600627675268212294277148040432200879358002028405159440456479960419841035259098503487807563158469434337649979877770194096801128846059138623117723829110680014430193219255880823730820535770269428366213850705354116476299804605546769860139,0.496452401798071785194833826026675236086146790074062264426300865110593008573926501553243249930245673690770618225967013333509495457788908281282891652539771885350438777185752136046556023819281955804444923735244762007800440774218153957336204059516128527728823450677488346923749986273544669083147142262804090643907702820466408638714176051367822982429794831352300389909298119852113321882582971124202582882,0.4996106203588371254693460146838657609703478420339151704958980876898614301098868779977117219892682232953753404339275476063390679047566115819219706952224482185136120394611801351625014871261269994812457281624089270056141745578459395179982140032469714413966767241723194204482694289871224069734354248655982182370466757031593349739432665439533770772871448814996536184951492764045969276503430053827668088306,0.4973224831471850416708019144053294269772021965104388834981177535137224472922180474400861838897823979809699974318143750523315793981198432642315183323572831362757134892356650129119595801243745864429702466111512972846435197925706965057728405295576501059687521635655837337123391343458954952455651505781053903975755871448979150185589215069697608109329977632929656150086108222640406323876354790205487925755
