quantidade de observações,dimensão,expoente fuzzy,Hullermeier 0,Hullermeier 1,Hullermeier 2,Média do Indice de Hullermeier
100,16,6.512,0.9994844870061048830471890458508753816468949870219661372849984040522486353390775364890186277547586996695139124640665069875730118234432149597140893645575570225804740512149453038943778794310498453570709295938098284550933945671305914964545412589252467649372103900978791951280502768127950799070949929309014490505901955556573624390632667533485612980880577369707546746356476174328959124057194222046492233824,0.9995835653180540717245654843622794950051331974805435461967481229359389862808835070862750561077276328061201994450646450003814565090057721523526077186155563187339845914461373795046490683718197426697436814729966685223220420068769692513179021970926468126984430753212719597595143217471975371923008490410305832596101023305705357253968787916452742371077836566218599109003093689466423495321885311071999241528,0.9996601109789785011966558671503865097324095223094181137280913378190356095491702153040339164117919956498104863883602367285716330490915946202718785039904764925147105648637946035472813286665215017277742281824398199221776069138485699175392529239135755334549152556880742424246539667013209683285072833009416664464602658507088207211738088859799743834679924756424746810157085554455792986304103060299484697018,0.999576054434379151989470132454513795461479235603975932403279288269074410389710419626442533424759442708481532765830462905508700460513527244112858529054529944609723069174959095648769425489797029918196279749748772299864347829285376888437232126643823037030189573702408465770739521753771195142634375090957899585553521245645572961877984810324603306221277956411696422183888513941705853522772753113932539079
