{
	"dimensao": 4,
	"observacoes": 10,
	"base": [
		[
			0.6588806198436814, 0.7229640364479117, 0.9658601172553613,
			0.1386866498047432
		],
		[
			0.8766140718408711, 0.14461359391780504, 0.4582997665792522,
			0.4229278439265678
		],
		[
			0.6680045772381449, 0.49135997010617116, 0.6808047915021281,
			0.07780568833293444
		],
		[
			0.5079664080402607, 0.9712597604222483, 0.5235730050234516,
			0.07703656815524851
		],
		[
			0.10576000457644852, 0.740199532491248, 0.9021164480124148,
			0.14627160248473492
		],
		[
			0.5133438707798467, 0.7921850741077481, 0.537468875144175,
			0.6709732638849569
		],
		[
			0.4334288407422002, 0.2802034965298853, 0.7206811916835694,
			0.744759443350454
		],
		[
			0.4522199844152949, 0.43736229473827326, 0.6174972432139421,
			0.6323529049776766
		],
		[
			0.4978351856443127, 0.06449278963870075, 0.7583958954309756,
			0.6448240197436457
		],
		[
			0.7816256516244787, 0.40208117355985695, 0.36376105241445966,
			0.24199930824159888
		]
	]
}
