{"dimensao": 4, "observacoes": 10, "base": [[0.2844542239692244, 0.4563215244425167, 0.05847760487183873, 0.48636670469188636], [0.3125537461580845, 0.834024494945096, 0.4994661028760201, 0.6910419025647933], [0.2115937404646101, 0.29997365489471717, 0.392732916791966, 0.6464808340937677], [0.29930423004381945, 0.6568141601445605, 0.048726684304197465, 0.36776929814585857], [0.14041417489575125, 0.08540639237475833, 0.766042901738283, 0.6640727116107349], [0.7263986669980006, 0.16547735382006024, 0.17551229630879384, 0.29262240832099884], [0.8671348864630051, 0.35834481728738676, 0.3786836036940905, 0.5389582138049208], [0.5569620927120067, 0.05046572756961998, 0.8288124987283161, 0.705361457151531], [0.5321984747801608, 0.4598783973343966, 0.6523116603172143, 0.2577228913505881], [0.1799834622896408, 0.02192122057033774, 0.035264442307041066, 0.2866975290614686]]}