{
	"dimensao": 4,
	"observacoes": 10,
	"base": [
		[
			0.31912247938037464, 0.21986861527059487, 0.3391452871653161,
			0.7004068779610849
		],
		[
			0.22821808123468246, 0.744925156623047, 0.3394508340456095,
			0.09919191435977692
		],
		[
			0.768197891171398, 0.37185600962464094, 0.26503503028691255,
			0.9815829133670146
		],
		[
			0.3812444004952199, 0.20388043147065538, 0.3309545301887368,
			0.8504540273954998
		],
		[
			0.5248476837290269, 0.9602966993271133, 0.9365143292165603,
			0.8539565281725432
		],
		[
			0.5756830888705986, 0.19154069977241184, 0.36302166000427427,
			0.7839251815414862
		],
		[
			0.12964625602167523, 0.7727815998630507, 0.29621103236928925,
			0.9821621470295087
		],
		[
			0.5051031478917667, 0.39639730945984497, 0.7746785241422147,
			0.4097507743179759
		],
		[
			0.01894403270776912, 0.27854063816169417, 0.5579979660772519,
			0.3056782528578693
		],
		[
			0.41636948760884485, 0.8729141837897938, 0.7234739015158139,
			0.2719178574592416
		]
	]
}
