quantidade de observações,dimensão,expoente fuzzy,Hullermeier 0,Hullermeier 1,Hullermeier 2,Média do Indice de Hullermeier
30,8,6.512,0.9548197079564406040997586501439492910406080162956554343731641928613833545257177476814637379411737478960649281310919059276897831816355713058129301062424444135267240650812666575906484972153328151279141847004852835176570208720866189175778438773280689443856526557021344013981320772432047460783447889652975055765453413480074895243641596635871572831643773879934300013642467089578477342850844952460179560234,0.9931622109776507367945101482925153337606418933405897429053697575740640038815419381085264719373987134105046343458880756026315587709611396927475732926378751767955955876473871611712801817938576682506321229195572896086125726639792153083078033200116188075756498365385834146087788813715115768854232527862918247232267769314923426003388471469508858386475177394196997113143010508493012481752438412893460435606,0.9382840252424942513398727339289417067953397526068578607282805419888167060310180664682118339517064695124147233826675730665396248058221216696986855324291888701735993621371833683706434620663849110145515603435217076535554160890888884318259452481267953916872660100029715522888492629813070448846070505771296836842054214923904743554508093922390644617226282309041532527976983104449023602191564047328842569934,0.9620886480588618640780471774551354438655298874143676793356048308080880214794259174194006812767596436063280952865491848656203222528062775560863963104365028201653063382886123957108573803585251314643659559878547602599416698750515742192371974818221610478828561674145631227652534071986744559494583641095730046613258465906301021600512720675923691945115077861057609884920820234173504475598282470894160855258
