quantidade de observações,dimensão,expoente fuzzy,Hullermeier 0,Hullermeier 1,Hullermeier 2,Média do Indice de Hullermeier
30,4,6.512,0.8427861346611320093776115876169832537305226796515217228473749528462205499347295221985625506843209965369871445672044243715876154391590050017337135798067320098073910265993950244201039917917476239178905302180036187721633395155106824610035754447192802859143186907652056242601631027904843302339858693358222647894342398684001540797735055640867648534094270000745805020571059047997683875140149560289277909565,0.909218431893116694650741634688650672826561643394521103400411493440494203137359134408765453867696482632561697567774599775697386024151586542388418245055587752183562582021258710386695216749894906745726894513234357718043131426934850931076311914333440748234913232116312738044543000318334090898394809811307594746092171070098038842580130735135977228990824491031252863293949546227881193322083295006366570526,0.8280169004239388203544365680233588339855156300843487448837034448349162308460547005106118892686319767672851116308785521937267364824469399456887976057189675978433049479377126485180169582699503567935559816607922013893650384951952694860514347025186292718551480968538625786225382220225212407525354789413547236677234390066644248213918403311932703897609603602633096094236804356806478671440950457219855278584,0.8600071556593958414609299301096642535141999843767971903771632970405436613060477857059799646068831519789446512552858587803372459819191771632703098101937624532780861855194554611082720556038642958190578021306767259598571698125469342927104406871904501020014600065784603136424147750437798872949720526961615277344166166483875392479151588768053374907204039504563809915915786289027658159933977655857599631136
