quantidade de observações,dimensão,expoente fuzzy,Hullermeier 0,Hullermeier 1,Hullermeier 2,Média do Indice de Hullermeier
30,4,4.706,0.784089194747712585410342532217121636735794742534621889193918324450599264773988744441599961392139529168651352255009989266578899256940892390822534330513015296070782590605197226404551448402193121220403126835046480200492501689080924256646521307526804322041480244986419685671343307807653235408138910565141839826373008243770986887125774380661092695235474176213395803310388030343057060155208662167567870559,0.8236316350652623817270551161755845827768983860359994154175433900001508241233280370474722573969147841942333245899781468407375167179573673516614048669563904990948377476585369210119788623472859006962870389325433449378506176211075334987356088496671884711162453656645942227539838022569168417375271496505198817348901283351112357375352493104433152139173475589349145284720393098949919257446155706587773258856,0.7682589583099397826923506916270872754442636386968782468603423504188110463949843291041154333896086207486154505195501968903706360631338531485295051434171356829189300383104783747402208112132364893288782084566474909813957917888424287366079606162155387822358367840587679471549290610701240791499937281603408495362470404531257687220829238708096481966332823677443909972771770706347917853321127440964050309201,0.7919932627076382499432494466732644983189855890891665171572680216231870450974337035310625507262209780371667091215127776658956840126773709636711481136288471593615167921914041740522503739875718370818561247414124387065796370330102954973300302578031771917978541315699272851934187237115647187652199294586675236991700590106693304489146491873046853685953680342975671096865348036242802570773123256409167424549
