quantidade de observações,dimensão,expoente fuzzy,Hullermeier 0,Hullermeier 1,Hullermeier 2,Média do Indice de Hullermeier
30,16,8.325,0.9985584138269139228120322619497617087543905744778122647390379064825281203020163764150646336180889108467863667415825890913722931760882648762146200128889544005816386629972899492315053873685349445502897798725935331206353872082547138234876097156329577935944038738577968063149411492496425089856116165896812170927298062364815611975218096647461464700093904789252408070230052074992459506041994043674399752501,0.997888699283579471640460135861865323135998266215741616283464462211141064106389061292558105233435399573516845398120134393187816458019504132929278385567316423156824548487077856205578139173775585989255640489985936689331582981259726257456378960260114389797652245325241345088751187785080917731334144533498894758478145284177322821570762659904388650218831427565263611297885442876606538183512000971725275955,0.9981123892230663694887253638272605692804815360498510719820427957776964723553942533258607337123938066503633633582091378848865737996093247549152872295685237519533296442878032607988518630930950414665552564646870530504845384277909191019681370671259196302766603388952000876634595408459279122210749839580853948919222606925480857519456994845736272668755426442050303172391530405893395944754963106577908849255,0.9981865007778532546470725872129625337236234589144683176681817214904552189212665636778278241879727056902221918326372871231488944779056979213530618760082648585639309519240570220786451298784685240020335589424221742868171695391017863943040419143396639378895721526927460796890506259602171129793402483604218355810434040710689899236794239364080541290345881835651782451866812303217306944210692386656520453769
