quantidade de observações,dimensão,expoente fuzzy,Hullermeier 0,Hullermeier 1,Hullermeier 2,Média do Indice de Hullermeier
30,4,2.9,0.6660077415966651750433594274470684021678750610471334370140383772505179145383706963860442655937366940107039074030106666768083837520156570758234841851370606507513188111424673658464792544513047292538724836021806040776266787187583330330948260143698334676354143086879598401191550085284168796307159623045240687847955671982865426062531632315759152945408459624027535989976288713470501118533682590460427791877,0.7188277150706179635512034712578898728330746462339000109890796801858833840757431773911344646897988280516827402423825808870900191879587231928773929465138244071627468000988432697414653940115780642453937799793696540151009020114923710929480062562499449952593337251002865846987974666752540230108439154139598154221635374677298865910815037715674348419246953726546785369300406798919663255942556412365572455141,0.6555907577768153673244478493903344185230640908114592002155708122773625256374856108768352624311535162152008642977063253700081069535604422953576747545691807798968264315560448315266483002599060317008602504176870910938218041101905236151301842771575367609402248250052547370366521299172506240481918133667729910565535157685471875813485591796390940046981718401898174057638788549464812147233621301098979142906,0.6801420714813661686396702493650975645080045993641642160728962899045879414171998282180046642382296794258625039810331909779688366311782741880195172954066886126036306809324518223715309829075962750667088379997457830621831282801470759137243388492591050746116576195978337206182015350403071755632505636950856250878375401448545389262277420609274813803879043917490831805638494687284992173903286767974993129975
