quantidade de observações,dimensão,expoente fuzzy,Hullermeier 0,Hullermeier 1,Hullermeier 2,Média do Indice de Hullermeier
30,8,4.706,0.9102391035977030731958843217844716656350967850665799991559974217458221433034123488050793917904004988296141970061037682977068355129016266461754851103189568034535293961241134141552979007428274738267372854920739605114841780795854897756959269191832307944663502556206646507366914647963861045978349104156695659922252877222794233975465026565568727551056999427321077383840494811491073982765374935041772893623,0.9171812982093582337701742626822936335684666455843050629039830633596594550156990161331906254896575331205688596174159501754832331681594522091117358595815811239829630130846902773432035605433711452402472256350783323765152685827906056197656123458286761796852007692651380142521018657837877727341728586967210922325617072415564452710119182179942132607846439801557901789274650983822096210546587211654696165689,0.8933096944461206163096862130383951141510222310003213962685172931348739895338882455301519709253569151546721833707506904140452213505809535139461852939400331454662983114149345141544868836410447005501853900748900676245425556986625046597724836342786089658848838165659551895822084399873961307011890543414080281672735819283701703027300195369128606301238157010978211516894533419824111842228629109365728151416,0.9069100320843939744252482658350534711181952205504021527761659260801185292843332034894739960684716490349517466647568029624117633438806774564111354212801903576342635735412460685509961149757477732057233004006807868375140007870128666850780076330968386466788116138172526181903339235225233360110656078179328954640201922974020129904294801371546488820047198746619063563336559738379094011846863752020732403576
