quantidade de observações,dimensão,expoente fuzzy,Hullermeier 0,Hullermeier 1,Hullermeier 2,Média do Indice de Hullermeier
30,4,22.775,0.9550272940421006390811876516861070333936296516818922717739782959565083667137766155018465826919963175306599075880342637078353215883994543951124141463426656315385775792906696684110125464509247614385729750973579639628351465357373859754893861513832196455249360052516538445419802264103793502039550453755768401262058091810893772098021811059965901682653047292335124829682201897862248328189364371788739212351,0.9549932963998874160406756894918803339994286805202088368309758929110230241823460257164906010911586474590199973544752284239085395223145602305573016311528623271656163353308235616096678595731204918581767775636430965333311210220919511806687251945147225688968056589875664373292028285019806372402120935571057847064022660395283962082145540787867948850975224771699749626473092382768207783095861595670264398714,0.9516674382350505087842479854942406544094208793068888947346088829018070614624228376383921164683516506616973038594268975716987064883067435768839402024372578908515078285820513295839769779773892731523006364863084773328291877934615978987993433295181863166614884589493589792139129712449024041472005053628445937617767723996921530850658841566316422087665749822118059159663022927238776555747286366766781377214,0.953896009559012854635370442224076007267493070502996667779854357256446150786181826285576433417168871883792402933978796567814189199673586067517885326644261949851900581067848186534885794667144842149683463049103179276331818450430311684985818225138709510361076707729526420361698675385754130530455881431842406198128282540103308834360873113805009087376467396205097787193943906928974422234417077807526166276
