{"dimensao": 4, "observacoes": 30, "base": [[0.1932188873597791, 0.34239556310192887, 0.9571138315137515, 0.043246466536921324], [0.5208519039209247, 0.6290203198016803, 0.7040217423811139, 0.12200570735555383], [0.12915571647564483, 0.3152509898347914, 0.8858034320660475, 0.015619134158419867], [0.43227477279479265, 0.8302647812904042, 0.7224847809661153, 0.9739010154052654], [0.11320799246619351, 0.3836192355163637, 0.9763152713788756, 0.6273757110146971], [0.026736734818462615, 0.2790472379683858, 0.08155344710673174, 0.5499549102320495], [0.8106336320773952, 0.1305318022581221, 0.36424328577777876, 0.3283550159604055], [0.017968312902522987, 0.6918869524492729, 0.8826939016070121, 0.1457598946481229], [0.5912860652100232, 0.9046508253910726, 0.6893596261467386, 0.9458870571688113], [0.5237466010058742, 0.6684603935770772, 0.6733213051594926, 0.34464019868966556], [0.452014834621146, 0.7932065812045656, 0.38174422693200816, 0.190995549705407], [0.2636742125834346, 0.7578736685106336, 0.5930783806747584, 0.4141286970140019], [0.15677760896066162, 0.34190779988385955, 0.1672627364416044, 0.09724963028078104], [0.2441449720740303, 0.5097162630095555, 0.7420340113076541, 0.343436582746391], [0.7044492757155366, 0.7418092535799528, 0.878402506277518, 0.1685536056553274], [0.9427811728467896, 0.22174496838431346, 0.4972294842475624, 0.5342828770490206], [0.7138159609930567, 0.6145420302465442, 0.4508150583344279, 0.3197167326395748], [0.2933761699318689, 0.7154751720126007, 0.1278036993328987, 0.2855074609904177], [0.6611223190902995, 0.16634162433311672, 0.47468524294596337, 0.3909437899295437], [0.954520180401344, 0.572296456811527, 0.41152843256029936, 0.2510438002935862], [0.8099077383065338, 0.9813647797124075, 0.7393712144205954, 0.9661295918271612], [0.03643685145442299, 0.1527646721302277, 0.6249936496265686, 0.4926767075897337], [0.4801186212203621, 0.5873837456613703, 0.7028212498545601, 0.5027893208417319], [0.22280187286292374, 0.629751274342686, 0.24148569688016286, 0.30525561888698927], [0.9901371617026968, 0.3383405743862451, 0.8640303802232885, 0.8144514578651405], [0.5071774760572769, 0.27494904384793917, 0.20645491178983133, 0.010567397205380136], [0.16405049908108016, 0.047596896199370575, 0.05856533336885106, 0.7866637955696363], [0.08203397939880441, 0.7951661457486567, 0.3633052134497954, 0.7720454364939291], [0.39208720030281907, 0.9514941332108993, 0.35617905844061637, 0.7232131511085944], [0.28322339026566745, 0.4855643299115323, 0.137150467835101, 0.4219345749507162]]}