{"dimensao": 4, "observacoes": 30, "base": [[0.8610684579107922, 0.923962799440461, 0.05081151911604875, 0.7476533544559075], [0.6939402441436802, 0.7404111679279496, 0.002501558916479296, 0.7929495196521154], [0.8062566622301742, 0.9388093953680572, 0.2796286081873237, 0.24634885519902616], [0.126944068653014, 0.1673350368199309, 0.764884726399037, 0.48615205464017786], [0.3318260201962434, 0.6221448859726819, 0.4364357513018081, 0.8462366490260159], [0.6545069714799379, 0.25488697748840083, 0.2825870424925928, 0.6177560768566854], [0.13124272582914864, 0.06788517268313488, 0.06703303255242299, 0.4820219791888767], [0.8934796529304492, 0.35914232237724664, 0.027902108207481513, 0.07472068181400482], [0.9963724233526484, 0.19321626484151744, 0.4560105974267329, 0.9211104861433279], [0.6418297140506417, 0.14696385755632035, 0.9621452864154263, 0.8653655392286227], [0.46140014509402194, 0.8640893817435087, 0.8359391890672189, 0.33036829532750855], [0.9512640729042006, 0.813738129684454, 0.10600477233456695, 0.7586450227306304], [0.7114315159819955, 0.7389219429107313, 0.1189186399368789, 0.2905226218811908], [0.7244299327835453, 0.8120248973674201, 0.26880764195948337, 0.8311714461753026], [0.7443531864148847, 0.43222526716366916, 0.1729892393713135, 0.9639925368586043], [0.5976434209131916, 0.4182915450371425, 0.6907571401773871, 0.7254305465485631], [0.9531511213255708, 0.22202664479737855, 0.39188402782690945, 0.07533432783803817], [0.8642968345535653, 0.09421045276988027, 0.2610766102240346, 0.3190993386497286], [0.21859813059509625, 0.7976120917390677, 0.694412383614881, 0.11951520003452587], [0.41788505488690275, 0.19614665681039145, 0.449352451340876, 0.6589662272579219], [0.8309610401558843, 0.7193116196682936, 0.09823304440556169, 0.5427474961186538], [0.31859790590095305, 0.3524814178332515, 0.8316532046092464, 0.15426988150120202], [0.7911261246994095, 0.3880640122587915, 0.6249240602760083, 0.8213530313114766], [0.7140982829943623, 0.721075395545132, 0.8972014966022377, 0.26619659791721584], [0.2584539862759486, 0.8449550996520204, 0.6747118004023571, 0.7943689528651913], [0.5032582493877717, 0.1985848076429394, 0.5318227470554198, 0.3980750420603767], [0.5900375276473259, 0.9662377215680836, 0.8174645461635939, 0.5579371630326649], [0.10605962413090575, 0.31813644303608557, 0.8207948365535153, 0.3710902079832754], [0.2615363485769242, 0.44894941863911175, 0.5963931562587838, 0.0639560802836936], [0.2428075639576781, 0.43383805304357803, 0.9325525366809991, 0.6755586047092692]]}