{
	"dimensao": 4,
	"observacoes": 30,
	"base": [
		[
			0.8565536013569444, 0.032033064467801076, 0.7357442931367377,
			0.9460009941717414
		],
		[
			0.6283457935359781, 0.407709541255302, 0.2515947807380685,
			0.015482720433320107
		],
		[
			0.007627022871034783, 0.05966643826395812, 0.6161153693918924,
			0.6946396488305988
		],
		[
			0.12417866230400032, 0.6607809712644248, 0.1802477351095867,
			0.5419590166619804
		],
		[
			0.7903999419489245, 0.5902595296704197, 0.9045743917962246,
			0.408474671875911
		],
		[
			0.24945528437060305, 0.3003095790577398, 0.18752780358660848,
			0.6997481994692569
		],
		[
			0.295573390235892, 0.24999739882801253, 0.360279647528294,
			0.6939329845677055
		],
		[
			0.48259773905677283, 0.5645191422425322, 0.4660953341525831,
			0.6720251866239125
		],
		[
			0.6352364808138974, 0.8606562085090339, 0.30625108059687767,
			0.25001628717563307
		],
		[
			0.10308391559374763, 0.7917502958427913, 0.47540388437693837,
			0.18314345510185626
		],
		[
			0.9795227910715157, 0.033313993303093814, 0.5772246440232699,
			0.9400682053487213
		],
		[
			0.5414226645216546, 0.7432905828015933, 0.4705165385997404,
			0.9792400797958688
		],
		[
			0.17122488257393642, 0.11630443006905877, 0.35297871810821013,
			0.8989958475859715
		],
		[
			0.44480911758730945, 0.5045212301791706, 0.0219148336718481,
			0.060080637375111046
		],
		[
			0.9489650361614035, 0.2641736674267665, 0.7592541096082175,
			0.7534050429193597
		],
		[
			0.725369535572767, 0.740475456470848, 0.7125516035695404,
			0.4960111697311532
		],
		[
			0.5983709043965137, 0.15918730360979927, 0.6372692858246874,
			0.08970588386976097
		],
		[
			0.8128962694536528, 0.9743223789749762, 0.5277371215738813,
			0.8148689540404411
		],
		[
			0.5381226347185861, 0.22455603792930845, 0.6095093967692108,
			0.7214485381750833
		],
		[
			0.757834733512708, 0.5756771224025437, 0.32609198661506367,
			0.6543659322524721
		],
		[
			0.5962902516593349, 0.02785139788459523, 0.6398662633346441,
			0.4193578463980918
		],
		[
			0.9335836814338836, 0.4039275549171487, 0.8336901765510827,
			0.1291515422432694
		],
		[
			0.08564382017894678, 0.9816751229196974, 0.7902194877040368,
			0.7744188785456593
		],
		[
			0.280954704968172, 0.8659422302361962, 0.36892391116956424,
			0.6494509130612399
		],
		[
			0.006796490378284448, 0.6956971520610485, 0.425949555466024,
			0.653103551859476
		],
		[
			0.7597788309928984, 0.38102790482135973, 0.7331193719434193,
			0.8678156309726702
		],
		[
			0.1512968948015313, 0.5439061786447478, 0.21632392881917117,
			0.5002095501648699
		],
		[
			0.5886941653977262, 0.23951769802261735, 0.9530632739642458,
			0.6472923114077206
		],
		[
			0.14398941330739323, 0.28583280634725583, 0.8186144184086023,
			0.7225431821554946
		],
		[
			0.47326040076561593, 0.9124925803820828, 0.31039657219981265,
			0.7172980578930589
		]
	]
}
