quantidade de observações,dimensão,expoente fuzzy,Hullermeier 0,Hullermeier 1,Hullermeier 2,Média do Indice de Hullermeier
10,16,6.512,0.9015400355587789842168369820894980777297894195511437946155828168587920239101275850518779553431398316672514476346560093769168935553011110927751384076815329114928684004937671638636890223382881289355144459409005861539846678345616860824585240399959303258565814723374861162538892426945376748040972354971267423064577540133145714341944152210083990559974641686476118534112822317894003756087263480603529753565,0.8243592466014182881996660400456811178180270191251761797104944726374429687249532993585410179913532213838403300983401055787231273153049865509443165189465544351656332925039289237731688373798144951415368551279018323401739026451674429055789911010517227583297204694353711684287803507544884639317799697466535022076003222712098589578114112210908810150380709451026543706686414163705323787256311038998421120996,0.9877666421341185293286917070997883215193199554533817153571416998705011602587744939796540465634581186639559828810726028253667792119401645833185766926881435820963355060444210285755584153714463408057712716223728619167273201012428347125777001009890282618291653355839003781853125058370929654825338149693956996836014402053523074600055871136043774210728172137110894889491431689169063215062582687164799961336,0.9045553080981052672483982430783225056890454647099005632277396631222453842979517927966910066326503905716825868713562392603356000275154207423460105397720769762516123996807057054041387583631829882942741908970584268036286301936573212335384050806788937820051557591189192209559940330953730347394703400710586480658865054966255792840038045185678858307027841091537852376763556056922796919468719068922250278632
