quantidade de observações,dimensão,expoente fuzzy,Hullermeier 0,Hullermeier 1,Hullermeier 2,Média do Indice de Hullermeier
10,16,30.0,0.9812417529763561536837895638876953536175004774747809048642973306117532821794521498797396308473229553524299549441751748286363123606612192088485800459580985669015426467903242031363132295228315913762687743823942501867027056570784539364048664507334932797002397909328822447750032179827506011267667246538722445797117634145081742787918198575617038071450942199822740065880980732041142859022016305116341173734,0.9836250421383983176782286950912465875752246994315391530143461827470011177001927008047281327423791621032588995041192210053579474758710707985972394213290363972831967140794522779979523087124550373122751144502958549681537830464612306762314813301375335519580289236783857101083677085363709587907827644214714076396735202555969531866634313154018314662022916897965552683104772121780977348332366316984270645688,0.9763030428905905581804818063018815859648765306201546434809402593712821714972832580612369650731613821734929035465981350245348107447389534061302789341120987441337886684438732128536231419776100277437823239308311933878805053321262901804842345831987078475224306837961257270573930842170281698654370188363017451926836810180132861695707419770059023280343781029123516901815802493815444122629079910293017302189,0.9803899460017816765141666884269411757192005691754915671198612575766788571256427029152349095542878332097272526649641769528430235270904144711920328004664112361061760097712165646626295600709655521441087375878404328475789980118886582643735274546899115597268997994691312273135880035787165765943288359705484658040229882293728045450086643833231458671272546708970603216933851782545854776661154177464543040537
