quantidade de observações,dimensão,expoente fuzzy,Hullermeier 0,Hullermeier 1,Hullermeier 2,Média do Indice de Hullermeier
10,8,8.325,0.869562993393213927282636846508270644254990199851751921281050325704011474172744543214906360342169349614449615494552086374548931611217768907751862072851802764317718268313069883572366254295352460746025302297548808290533670716728525751752233048082482130282271888001915146272821041041088159217875578366379251403697942894242104630129951985016957529619000515184355400815598737123929565920763658008311745604,0.8677329284846713681340297325587870196912603575206194660012653172280010781461441362306857234912296652929383389855085780068401490658905089256350465640417159353862005031713564085108228955439283424533835887593053633790918174228955544833040605329867699565861419402068884976045560448106497606983712612068325821734376076546492822270653464415256645719499173824392512969999741160703183942606371407506139919515,0.9260019838993025784877690260836466379043238355655273803856623724052450638084573399113719065903786246382112972329335235228094647788669072548340075160981750853959387979295113522045581565950798135645799038794745622230437984160033013140286087305445159950919745679436581513833312597110793066184507996863935897308702018584510762094153229072999681932979446419161276121677860201237513784333368463334408014155,0.8877659685923959579681452017169014339501914643126329225559926717790858720424486731189879968079258798485330839043313959680661818186583950294069720509972312616999525231379792147625824354781202055879962649787762446308897621852091271830283007705379226939867961320508205984202361151876057421782325464198684744360019174691141543555368737779475300982889541798465781033277862911059997795382458816974555129903
