quantidade de observações,dimensão,expoente fuzzy,Hullermeier 0,Hullermeier 1,Hullermeier 2,Média do Indice de Hullermeier
10,8,30.0,0.9923978022076274836470753617861118063201045912725380077963190917665592158612616685324981764169616357404804290562761183240409382223646993232284251107487288562667665118982779377106169649852777215357312933873969769387952214468564430810833593553981772220573736683846258448144411230022128795569545788125131134514154936265434789182591305709622619417972606254305350095075234694797290653531256883885224187644,0.990148619744956752684494153278637423427273497073423068461318863512677553257402626959068436939417188438825750413520839351428175377823019318276353762437610840444078876277392017091691533476022603381109340085975636490098637744641986387090293776675748599558892676565468876648423213749478484644427480120635390684355710975276000531144838250610097004561195531198716045283381240031254282971208282861375910439,0.9863423450859371726465812958854514671233922443577944983867701258917508551445072095768846271525040897491096315589867063467527264210099022735120102428499745570561963010101834318753108707232549293353914489755985613365696622900701175658159102024656559259230586945266148740177128074508374931736124988121628284758315114702157251269062042796528424042337566196371057050149702374287576179113351540374295914183,0.9896295890128404696593836036500668989569234442345851915481360270569958747543905016894837468362943046428052703429278880074072800070658736383389297053454380845890138963952844622258731230615184180840773608163237249218211738271895156779965211115131939158464416798255698651601923814008429524583315192484371108705342386906784015254367243670750671168640709254221189199352916489799136554118897084291093068739
