quantidade de observações,dimensão,expoente fuzzy,Hullermeier 0,Hullermeier 1,Hullermeier 2,Média do Indice de Hullermeier
10,4,15.55,0.8210200589466996406784408521885013863350357690761541578094973652929422144062554004086302138862095395857828515962018517620539780130078985247073794178851588292160914698282277769151022282453050073158161363913807013224339403861887109105665278057743507492296836144973872069581584674825807749531452911192126947559118834640598383730606979050786282685082713983966046758219888040722434250070564631778153888623,0.8111315191412256056404527816705495119503891178982885789772942588201162211477477402983610432260287715166282216662125444488078567323175443609566333530875152043964336102233064092628685188403745102327473999641061532366651321583711129492610495346925376329831561950070287807559575824834245713304748396451425853333613643319183036767041532890118474130611638379463702360587492334688185139814820247342476582089,0.8250572414384040274906262879376789293078947759198955703281452173315247848342567193493262372700177690276966242146681781924433464939909859852852289773977244934775727441275791743215372777799826836304790297762778958393276100157404748881502299198369806705623743873696014403671551673175433537608381534553561350029516665445374424596888760985191052417183865735078713876376840066722460489941792645867519888174,0.8190696065087764246031733072655766091977732209647794357049789471481944067960866200187724981274186933767025658256941914677683937464388096236497472494567995090300326080597044534998360082885540670596808553772549167994755608534334329159926024201012896842584047322913391426937570724278495666814860947399038050307416381135051948364845757642031936410959406032836154331728073480711026626609059174996050119629
