quantidade de observações,dimensão,expoente fuzzy,Hullermeier 0,Hullermeier 1,Hullermeier 2,Média do Indice de Hullermeier
10,4,2.9,0.5732805274464527910201155157447468990461647535033352520147129713930792830061010699924227069789218376410510455195774466934566022307459805977571488226072714718750851390992785930944636858302321501729059404949758040895603739683636422269191649322475351459065396450537662781272528776656075145742399442828972106040605050757746219756138126612611122295349591416459858159503816895984739192992818987426997538801,0.584158583030859679020038800661375511301526594678098349321917976025884998953801863525734445741380901921778901027127754179746939655922235321762529588338917858909679391519946033981513019245282942907045776235454116774889550314705405417519059812067007698601758011774546486299250216490929765775296052171583218184595486989594049627269804242506274771993368243252968092828321111358900365681085954268871409254,0.641247439858975867901126614069760188415422215153873372078791373615913344657263779947909779849626703261982219555076481356126486379590638303113286733823859760107211279873801674441015091572941224169699146674265503616648318168354798812445342084669696541457799772944072423928517588432551550166278964726678756724344473542371817498286538894065226179118097244847509544483045925699656567074240448829478927594,0.599562183445429445980426976825294199587704521111768991138474107011625875539055571155355644189976480941604055367260560743110009422086284740877655048256683030297325270164342100505663932216152105749883621134898474827032747483807948818961188942994746461988699143257461729451673560863029610171938320393719728504333488535913496367056718599277537726882141543248821151087249575552343617351536100613683363576
