quantidade de observações,dimensão,expoente fuzzy,Hullermeier 0,Hullermeier 1,Hullermeier 2,Média do Indice de Hullermeier
10,8,1.1,0.4666229170566372524512581018070154216732064657664226961499149593980661562338182338833086349403077970209315700334273888924072028693118181170346871221371094847274036006496847742548590329063740568325537529568360583931392084578795908584224148535622484420489013290724953741012516572938214430059596514698750277471274596881005910739651698823119880821585658231373308467231164657262860099855853053025177437157,0.4666663920686150705525738810584117901381528128835525334636536493802317373050304535165027355066433418164160404566845911466546134132976891892430160650614718027574220639995355420349761772355531590732792510193922395481316345194258955331979337066880945716688375105316428269743808745626222362848965114445205261564898661831430707085030622627270195331472087270176788934950152325150378098713038280359414110664,0.4674289941246361024469872263347897403738522960791058541519654598648343441076078270329918572816304096582093460325311965212875341548347558475469845563872906962159434745636690277881496167483040290634130794859056277272976869477011070322689042304439342471445441596988324020919248652738235944992208656929807151916786452531239489768933695803157485499277703765136245961897266202315613215340081044707733755117,0.4669061010832961418169397364000723173950705249096936945885113562143774125488188381442677425761938494985189855075477255201164501458147543846082292478619573279002563797376297813593282756300770816564153611540446418895228433083355311412964175968980924202874276664343235343891857990434224245966923428691254230317653237081225369197872005751182520550778483088895447788026194394909617137969657459364108434313
