quantidade de observações,dimensão,expoente fuzzy,Hullermeier 0,Hullermeier 1,Hullermeier 2,Média do Indice de Hullermeier
10,8,4.706,0.8448709272516768066332049554912446763381637875886489489611483650586033728569038307037031957504581083459078900653330158032189679814122651468629964955499032389044825785377013436091799799757702734739831548141212982599960759821963896098161680920463135021522315237855117247517659896367900708394589284343874889557721730758629462944606099823890425724256459597461562492322158594031500636206069132820551879927,0.8175974184013137114980601309661352245044992443048360737066441128203216571373651558167666730226946009287942815269576431039688318338608707094440459815989683370062841061384855202920295719569418399950169026071282698991959104460127129388301363564131053337572080160882413513621148161226914978852870631605623415408881228680676434689622252353583348882128391380756185189886937723859914395010486695841240984911,0.8397564258422827284537616887650188562014664140976575432983022112382013634363634336223078483750939664435265610827406849562338339782844597471174809035290004783992159160631512838762240306673393991337849240154807976307961036964672053382379210126455596904888649364854254282484935615161950538942816776884545820840722488072932964859845426167898829189139462256913231227766102042142618971169166670542766125095,0.8340749238317577488616755917407995856813764819970475219886982297057087978102108067142592390494155585727429108916771146211405445978525318678081744602259573514366608669131127159258111942000171708675949938122434552633293633748921026289614084870349928421327681587863928347874581224252255408730092230944681375269108482504079620831357926115124201265174771078376992969991732786678011334128574166401519663311
