quantidade de observações,dimensão,expoente fuzzy,Hullermeier 0,Hullermeier 1,Hullermeier 2,Média do Indice de Hullermeier
10,4,30.0,0.888297335477566968868062803056423460712858779203284307522652805559878769379986140015325549194221600847532066770724957140325237194671339557892143056392732108472752985246253949593561662552793806855910957293062355162941965956018460303727187781285538781536520270850092743989345751362954356492653886121268939365414420632230764698917580512010425763794752876008907924500857835832674255878120031322830523539,0.8934162398893197067622694674945268492036625039717222191150550701716913869560516531489138851626441100182662238717425827075395479736150642033955518354922335795374061514208346070558485364649844773644370529177191923378877592896999819957478264167841493525315480835345621733047236089434942662157383964522703386284912191010366132667274280827080761521000111372505065624434130120783818527143857318427759609168,0.8281034362726698802429639274452601820994938520050662256819670239158324527776024963101390853968118866882312984969976448086479855587604185524513383268248205404989850619993984480540940615878567030371501538061624323578503055026128025482006016750301703439955300500142225821369237951946579125174945923600772749554834991782696930731645371527877132201718913006133460601393405518758759659610780240843199419619,0.8699390038798521852910987326654034973386717117266909174398916332158008697045467631581261732512258658513431963798217282188375902423489407712463444062365954095030480662221623349011680868685449957524993880056479932862266769161104149492252052910332861593545328014662924998103310518337021784086289583112055176497963796371790236796031819158354050453555517712909201823612037999289773581845279290833088088059
