{"dimensao": 16, "observacoes": 30, "base": [[0.23569533150410327, 0.6228635008025736, 0.7328685474183287, 0.6286228700892151, 0.8480328472911476, 0.8834309193545912, 0.41600802925342195, 0.24267091145492403, 0.9195707741637557, 0.48381261026519196, 0.25998620763577607, 0.33882629820855004, 0.6443854333609962, 0.356634597729367, 0.5235063350194855, 0.2868111912136848], [0.5427170268377263, 0.38308241095549944, 0.5222098272307907, 0.2629810879305149, 0.28004438353526995, 0.12727797276028907, 0.9918190576496961, 0.5269429079271989, 0.9561980475192234, 0.5073027685933404, 0.6215398615387441, 0.8111618760807433, 0.5860773289830293, 0.7896968876308718, 0.6954782010521832, 0.8237788506278264], [0.5152994031527949, 0.7041637730770123, 0.7961355516708829, 0.20267950434775317, 0.3497180675866619, 0.8015270549234939, 0.005240086226027341, 0.4964379431478966, 0.7277630653427374, 0.8877082528710591, 0.5567206636889964, 0.7872464926240459, 0.4519374330475454, 0.019642698911372714, 0.5656695887679984, 0.14814432903746877], [0.6546107553507151, 0.7449346600129532, 0.3202603773861934, 0.6748713887313303, 0.7213943828977275, 0.01229925229857054, 0.30249720893782683, 0.886908903018179, 0.5341796151759473, 0.6485827535606784, 0.6547388091733582, 0.5249399568394186, 0.7268579586229896, 0.6049417983603638, 0.04078158676686694, 0.44511667930805754], [0.7683230159873217, 0.6807350736226803, 0.5212082419700781, 0.5960769366999407, 0.5667304036241322, 0.03452192662072784, 0.3606329704475145, 0.7554579109109064, 0.04320811508508826, 0.9330474699034572, 0.8852838353608768, 0.9052017493031619, 0.35288189762847444, 0.7925854214930864, 0.4667048889326618, 0.5139148626332581], [0.314779816394127, 0.4426729812787259, 0.026624557695618334, 0.7878488309428858, 0.8994252080470608, 0.77756921785993, 0.5501114351202625, 0.6472034627835416, 0.6514294138469611, 0.5674750725143523, 0.12074027779803131, 0.8437042761845611, 0.4535578546151623, 0.8538708318984164, 0.9184542652783513, 0.8656865011236303], [0.9745484570853622, 0.17472314642863118, 0.9273712191932252, 0.17942542112489812, 0.6185376913476873, 0.47224639245445377, 0.5483400893730103, 0.44442662304342284, 0.6387117779612367, 0.27313470246418514, 0.1975444492729802, 0.7897944328197507, 0.6129247919116902, 0.5722740623541119, 0.27045314792966635, 0.5603478087294363], [0.6413905096490014, 0.9025887095430688, 0.03836550125047544, 0.639243593570844, 0.9214667831124175, 0.4677320352235316, 0.0874874099696833, 0.40938539999678913, 0.6693361135902125, 0.4879667994214295, 0.817221207474651, 0.5860768414226061, 0.8789838275210011, 0.9820115425434763, 0.14744904988926888, 0.45647297527700337], [0.23387009987765228, 0.7788188912533227, 0.7451088513830142, 0.17971739645416562, 0.07902794906948396, 0.5313034896500525, 0.7266905457726556, 0.8491594272775265, 0.8036736862337932, 0.9936218040159124, 0.0691630195079127, 0.13305885983953492, 0.25341982496158766, 0.9020879372005189, 0.8085265351620933, 0.7287770519047446], [0.17116677996934848, 0.05554857988071804, 0.032190431924857044, 0.7568267751862314, 0.014762598667698912, 0.6715751034258852, 0.542576767490908, 0.8186072651303713, 0.8867529252369132, 0.8555138053816981, 0.7943467153486014, 0.2977882445400596, 0.6747251262043027, 0.36362579704239617, 0.316931236268562, 0.08812590278178412], [0.5996126132666612, 0.586657305943889, 0.29049090873194927, 0.25861896982824706, 0.3896971034547958, 0.63852992051148, 0.7905658111240457, 0.40596964554620396, 0.2463685937862773, 0.7287566677068561, 0.4710237834264991, 0.8394379765900657, 0.8283129398725809, 0.34626689203285854, 0.698356822874282, 0.6811047465448387], [0.484236530135406, 0.6569230548544712, 0.7002566015528783, 0.6211298085525054, 0.9909517186581813, 0.25137531844766303, 0.8268594708763565, 0.8090076227883992, 0.3742907556651369, 0.6553742656078978, 0.7134323197615063, 0.5852918064209218, 0.13943150789983982, 0.15986634719034176, 0.14768056095956017, 0.9514422149295386], [0.3227311201037494, 0.1307539585305879, 0.23394434416771293, 0.6548839002847583, 0.38339384881709404, 0.12213507148552682, 0.13638134533030066, 0.43245240920540906, 0.7766146158716646, 0.027503940039003805, 0.0692223105866151, 0.8662402858214306, 0.2716575116594323, 0.6581722999237565, 0.2088861574448413, 0.7388156952146389], [0.3348362630674474, 0.16227795370003584, 0.054543644805803426, 0.9063253714145485, 0.7266357580767058, 0.9271347560217825, 0.34847412892294016, 0.268642135594815, 0.2545848569446916, 0.03890614976282769, 0.7702563466670727, 0.6379093447276782, 0.3893408347584436, 0.12133023382611041, 0.6306190873957508, 0.14522992438458393], [0.9946260030469171, 0.8414096492033303, 0.9337402966396808, 0.5019613358677789, 0.36515063530196656, 0.9691483248497087, 0.4460884347455659, 0.6372506162302534, 0.5425988285190623, 0.11781654915828088, 0.8381924468010273, 0.09149206024416201, 0.8871168421394234, 0.24072413324185327, 0.11169415269311278, 0.6465205102965528], [0.2399792802177212, 0.7362260980730662, 0.6284484211577869, 0.3473212576701733, 0.9862401161408683, 0.7364142632961868, 0.23640306084302576, 0.8706412236829792, 0.6401149325300225, 0.6175179765773174, 0.6939026759651851, 0.9605955985170376, 0.22637014748252682, 0.38548737774141884, 0.8573565810213624, 0.82429568861334], [0.3521741498117422, 0.9674138816114677, 0.5975913262862067, 0.1688150016526092, 0.5658445345991585, 0.4934271197244011, 0.4075159010149023, 0.07963104471109417, 0.11490038905246769, 0.34127665287346554, 0.09938770704047128, 0.23238482664782656, 0.5708596999175575, 0.4068229108001954, 0.8852339788706873, 0.3822430012207001], [0.4566931210548677, 0.15786378183762728, 0.393565131927768, 0.8930678649029756, 0.7860305295713393, 0.46841957764822606, 0.9977262905962587, 0.6236318315783215, 0.9427466552564452, 0.13598049963157666, 0.9316295984363221, 0.3156407936549731, 0.13382500295348798, 0.5565263821024091, 0.47128754594511557, 0.2530376724599481], [0.9473470122832992, 0.6554159648603104, 0.9413444718280203, 0.11957514205233566, 0.34452095103420066, 0.4346554109223312, 0.830582933256071, 0.9942945176361159, 0.21952026951065917, 0.9565594493618806, 0.6390908486392899, 0.37384859023650385, 0.764456776953048, 0.7324720311338463, 0.44788191215880035, 0.7274467923031214], [0.010018173875196767, 0.6899206914971554, 0.29644129694463384, 0.6655534049311495, 0.7823777526503896, 0.33210939281957574, 0.2571507415502646, 0.3114890231343652, 0.14412133635824154, 0.9428152548497808, 0.3966085645962507, 0.8192788669451124, 0.37173777967239907, 0.3111308520672005, 0.5019648660687862, 0.8613170640656956], [0.06071036106569605, 0.979911738091679, 0.7236797589189412, 0.7880123395890132, 0.9375932346498935, 0.44855957984312733, 0.9729815474791518, 0.8801718948780872, 0.9254814944293174, 0.5893374502152415, 0.6458287635070281, 0.39868652914770575, 0.6710408541307915, 0.16760723832698377, 0.5595508049191301, 0.6999030639597329], [0.26220386889539093, 0.7646221929202864, 0.5069446184845828, 0.18859445424193833, 0.8030293308117268, 0.6112582147290643, 0.5003770674827954, 0.3630138704330236, 0.41994543537596896, 0.9110958047607031, 0.29429939596496246, 0.10783422954073418, 0.8705382931781854, 0.3824197484558364, 0.14601081691670503, 0.5554469615433373], [0.40158934667391744, 0.6865954473895468, 0.20476819167449878, 0.653440127965487, 0.573700871051211, 0.7457469666070474, 0.9027334150725698, 0.36757387721504076, 0.38104547972031144, 0.8688233218267595, 0.9750610974632663, 0.04988914452935611, 0.8330140506477706, 0.49333865228662965, 0.6537961157304761, 0.2725719198043214], [0.8617808912392839, 0.9817617730081286, 0.26178570952198044, 0.35318922735395364, 0.3786676808004429, 0.20297211616821353, 0.5258278624699525, 0.49477510001784986, 0.6186136715522164, 0.29607303751772807, 0.20426492104927174, 0.32477057603172044, 0.32529826282268115, 0.9876608757954507, 0.2855740543851504, 0.08162454791175444], [0.988941936079804, 0.25937519621766947, 0.8866770591637293, 0.914424817453822, 0.7053690983527063, 0.7590671214660892, 