{"dimensao": 16, "observacoes": 30, "base": [[0.8349674592071394, 0.9231170595811883, 0.7683713102017381, 0.8879431039767985, 0.7055102533003463, 0.08177771509582277, 0.8014984945695512, 0.9890098609145814, 0.4036802002334954, 0.2079819940069988, 0.5842056289413298, 0.1216460432426999, 0.7366177177637927, 0.04465639137315136, 0.38971376313434536, 0.7292797318543199], [0.015118671997449207, 0.09247370841933322, 0.12915669272477492, 0.925396669776884, 0.8884140955628108, 0.20703410105347186, 0.40219948128008653, 0.10172124597587773, 0.750401971553944, 0.979129915248525, 0.9531242395898004, 0.5536317768474247, 0.6573405925193126, 0.2018549667589623, 0.799876995462307, 0.12998000630846818], [0.17994769419010526, 0.03862153322480888, 0.674544846718884, 0.12901280802245285, 0.6359454133954642, 0.20182916943444407, 0.43633669477258574, 0.941791351520902, 0.5799463552022699, 0.620849014835045, 0.08768464861198455, 0.5389043924401561, 0.5249730786089728, 0.8379242505794026, 0.9818551067358751, 0.8575825763915164], [0.01573330419409935, 0.0017797515862321145, 0.3817340697310152, 0.4022856079729097, 0.6160054344150242, 0.697367286644852, 0.5411105263625362, 0.41996248206078846, 0.7846253762039853, 0.9255220463302982, 0.6719600565125513, 0.6625368880747102, 0.4112202325469102, 0.0650138231379136, 0.035231954861847936, 0.3184220192081566], [0.47695667696178623, 0.258143060952742, 0.819115780594336, 0.040323316453342084, 0.12391995743510498, 0.21893301245433516, 0.20887839549958076, 0.11390612951122636, 0.4641126360131801, 0.5752516890042352, 0.1292421652682081, 0.7851642371569315, 0.23279723230848404, 0.06691713229673579, 0.5929106984095444, 0.45892280688040066], [0.9255196535922706, 0.09388488560210317, 0.8560903589156974, 0.29973866107323655, 0.02926352553551581, 0.2937980487633213, 0.1518757777099894, 0.5954768227750258, 0.8114324882119976, 0.440687732521435, 0.19140705961858817, 0.6333068452841008, 0.7776229851308075, 0.79787538793487, 0.11584530835713625, 0.03753858114688269], [0.7647712117706984, 0.7185688810772566, 0.7004252272711189, 0.7793681406615666, 0.8220640315775926, 0.3600210579997021, 0.6862887656575093, 0.6841622496515046, 0.7795087336294267, 0.2317316920783309, 0.18846123778604607, 0.5586019413110566, 0.5082177500349866, 0.4497698522725405, 0.6168017712389793, 0.6227939917128517], [0.4061401564008592, 0.5104048536179062, 0.41348351722638244, 0.6356634729791482, 0.7735088659244319, 0.020305166688224796, 0.22651421213308742, 0.9396196223556845, 0.6688679792336822, 0.9395083768302885, 0.2876505530208575, 0.42617916822743285, 0.06371124045195642, 0.6951575956501589, 0.6140483682371655, 0.5984955260040907], [0.9117194406898588, 0.8269897073435625, 0.33147052106994945, 0.12559313426048957, 0.3168231209100578, 0.09161562403382428, 0.20035886133990977, 0.5002469868518523, 0.5245226855295216, 0.7437560985697432, 0.6836096084361308, 0.0037682487024032207, 0.7127771062036998, 0.7888970917157285, 0.2542918461045378, 0.7679716228260878], [0.5358207898692751, 0.05794552129136399, 0.7175480308481238, 0.02592850466032315, 0.6782010346624208, 0.9663410639881208, 0.8615743026602107, 0.8452112208369191, 0.5304696824814025, 0.5031029066752246, 0.6047983372976476, 0.8826711525623977, 0.2554013711400621, 0.9245344450924268, 0.5137955296724305, 0.3837449670014548], [0.2633871621700712, 0.25110695998669297, 0.8816101188334156, 0.9445389033879191, 0.07001132909327923, 0.3100617074104097, 0.3726824761367208, 0.8915820528827816, 0.4007931765592859, 0.5005974766576439, 0.5276746720657373, 0.3871886096344319, 0.5276643332115315, 0.08398736326914502, 0.09877372735283207, 0.8863381071685733], [0.3300662220225904, 0.6675327136516352, 0.593858038340369, 0.6766494001184253, 0.8409165296156736, 0.8306812898765489, 0.6517158244770439, 0.24711064421090445, 0.05499703302399983, 0.950804136058641, 0.3368869658421041, 0.19945233799407158, 0.9009641715084169, 0.7001664015073282, 0.9240866627892422, 0.6174654936367571], [0.3241362583717171, 0.43239301188236434, 0.2918032100363077, 0.4981038501360292, 0.748156825460558, 0.27572854164162974, 0.2465795176374458, 0.015210476578240484, 0.8300484511663312, 0.3253875052646965, 0.6852130300007684, 0.6178326085785817, 0.29409839976795393, 0.9743109116708265, 0.40185051585352605, 0.5201162713431936], [0.6517744785637504, 0.6508104246839077, 0.5012906360307723, 0.6476659448584967, 0.6207591775173459, 0.7497517790304382, 0.35985160585138554, 0.0006800851745534242, 0.7867271672103573, 0.3316299666119551, 0.5203827079122412, 0.2851551695239166, 0.893586815088749, 0.7777046261425807, 0.5459494157147836, 0.6274627858355796], [0.5667333164143102, 0.5662339453455119, 0.9761183521989217, 0.32726500303904504, 0.5450381631721557, 0.6492140838038936, 0.5432112922838295, 0.43040334665431856, 0.8545878542951442, 0.7031221583671297, 0.2394409674335234, 0.0495904258112313, 0.4896981857735153, 0.5282338174582406, 0.095039563497058, 0.5743653474917367], [0.43302214938045436, 0.2368985172761835, 0.33561087946421897, 0.24290485451990407, 0.44202027398681865, 0.8882362920714426, 0.3915834391434241, 0.716559443549306, 0.7343713469613576, 0.6651649835456339, 0.30024923006904647, 0.9965823443889872, 0.005179191409915185, 0.03937568916724132, 0.08471177768041749, 0.3292848431529871], [0.35068934695845777, 0.5624023705370659, 0.34742261911876327, 0.6478507921739489, 0.8655954466578445, 0.31777594268725795, 0.4949803468819881, 0.3981000068473528, 0.812119400077278, 0.6625352061905501, 0.2833332437123828, 0.43401042278054425, 0.5535482506218854, 0.36120240816945237, 0.5774668909414596, 0.6075961424865739], [0.7848623865130686, 0.45710873550399556, 0.550259551914179, 0.9496786893196087, 0.7390399075129457, 0.09140168080028976, 0.42792435342751256, 0.5463126584168541, 0.5312560018662258, 0.2876614445882084, 0.7908703758543498, 0.7668947422643781, 0.813702433867228, 0.05036464051285927, 0.9926115066563764, 0.9490651415864471], [0.22119401225823343, 0.4053740745502168, 0.9508056860356618, 0.08699800489465437, 0.2641030625062778, 0.3938831796510194, 0.4604206678743764, 0.46828449162768837, 0.03631464053408684, 0.9227775185397322, 0.14103162959903448, 0.09288737555665516, 0.13746038850798814, 0.8416033687718009, 0.41233230724999903, 0.6546866683659504], [0.9457483260469856, 0.09460609137563458, 0.7968247707761799, 0.023390712254476975, 0.8618850630632272, 0.3245704993438341, 0.32097869670758317, 0.9341021623084357, 0.5211388521300253, 0.8064288779063632, 0.8761511589873637, 0.45130883409277256, 0.8753020418196952, 0.12034069748560128, 0.026212734417758066, 0.5716648701584689], [0.7496970071830314, 0.3238992067849903, 0.5216122626137035, 0.6139304822031451, 0.7025760677261913, 0.8385843901009993, 0.08673439660936855, 0.12156993181682207, 0.23091143139700887, 0.019610211333182748, 0.4362630183397368, 0.34795204093113974, 0.8010915505346339, 0.5099640886591518, 0.1795816974332426, 0.8479174959241428], [0.7937414497156262, 0.2721313228512623, 0.29121032915418943, 0.9636723759596817, 0.279821049171482, 0.3182185655413122, 0.9583239797417841, 0.4395831244722298, 0.003075667899695489, 0.48631255599985357, 0.8047219068649708, 0.67663420562354, 0.17232009661264258, 0.2178523217323468, 0.6773368985314672, 0.495686916871381], [0.38881194128283103, 0.3376518744326419, 0.4825202350424709, 0.006136411230748817, 0.49637712817559576, 0.1889214593287032, 0.42599276843350553, 0.2847321828264425, 0.13752859536616102, 0.723938884085932, 0.03349957823547056, 0.8412733700587269, 0.47806285864597287, 0.045190549109472955, 0.46812704811872996, 0.47695551576102246], [0.06450714159347237, 0.7420665988738362, 0.3910643005761345, 0.36501598707315996, 0.7401399337819506, 0.927464106988483, 0.761777975648724, 0.46517132511613324, 0.27365208272826125, 0.45619836740260133, 0.8636872463614141, 0.32807793111220085, 0.7435842854758248, 0.6292514230068083, 0.1891450153441192, 0.7617559660032392], [0.9759922604864906, 0.7383314115640939, 0.27226000657700977, 0.717404953527844, 0.9201413112954343, 