{"dimensao": 16, "observacoes": 30, "base": [[0.07590493322281944, 0.26181747302740677, 0.8820814328357661, 0.6373802548676435, 0.9788660410918394, 0.8626128797696537, 0.9749794259642508, 0.19914276548510357, 0.3581772469773078, 0.17575693259839675, 0.03661960272235021, 0.9595531727501487, 0.8336836684416645, 0.7934957908707693, 0.3263763190515945, 0.8504509025299286], [0.4098294786748372, 0.26691091118913657, 0.2331830379392147, 0.11856905148067187, 0.5371610950162352, 0.29029088150639437, 0.2530450046441468, 0.08467344569084045, 0.5936251742361012, 0.8017963323183295, 0.245557401122119, 0.15652975716999284, 0.6567910754448678, 0.2569029581588359, 0.5825535623122147, 0.07083656834827368], [0.47141723451005835, 0.4841023944401841, 0.9837880469115737, 0.00027756650490107226, 0.861463038649269, 0.7137436582292529, 0.5053659968868703, 0.7972800941591651, 0.31385477393193895, 0.41065778570247935, 0.7602271811774448, 0.9203993490807058, 0.8342493283557346, 0.1359583463589702, 0.05098984448946475, 0.2746405702427076], [0.8035337555055972, 0.9368789812511189, 0.23922722532509744, 0.9983621102042356, 0.8010246284155614, 0.7734974602081905, 0.29763226174979274, 0.6429360235822088, 0.1661996417172411, 0.7342380392942316, 0.3860407173881991, 0.40678496414482934, 0.8933242830261641, 0.6126897141619068, 0.04818954520980134, 0.6555342784230324], [0.36252968775371586, 0.6953372533494975, 0.3894211468741299, 0.784478944430154, 0.1853021431146682, 0.7938173309408885, 0.0244629905236039, 0.7394441378801989, 0.7153449233632514, 0.6292182623999317, 0.8142061009806956, 0.37854134599578027, 0.2901776773357946, 0.6557764420107635, 0.19778076046520765, 0.6792646577629549], [0.5593402629058221, 0.3345986234642665, 0.17363497145798268, 0.9432713362397706, 0.42851797803937797, 0.058328397949432675, 0.22845441277881395, 0.40490023044748347, 0.17606351617448557, 0.9435978738703973, 0.06850712921725732, 0.7800287585332168, 0.03333022457116408, 0.6143717523794543, 0.3314701918297154, 0.5187242230165519], [0.9773766085113794, 0.66072631266048, 0.823843963153274, 0.454580460494571, 0.3002110524144582, 0.7107367089426377, 0.13314437160840142, 0.7840768327926325, 0.5663514698411938, 0.7645164102767769, 0.016957664219659274, 0.5879548190154598, 0.22642587958686855, 0.42783385754989955, 0.23503847122029897, 0.6195992776077679], [0.5153175366202234, 0.6843559851868009, 0.45984871405005867, 0.8546530050278793, 0.5398094036586201, 0.13791281569921798, 0.01767025247074805, 0.5381924788853832, 0.18969868074689822, 0.5301496923881241, 0.863856138440244, 0.11985193052648269, 0.04509695741535069, 0.2828563869485188, 0.41193571697649944, 0.43347876912540684], [0.40432572271643485, 0.3275193746163815, 0.10867594408789849, 0.8292334944826634, 0.04261514429019708, 0.9070943355815971, 0.8524888683895209, 0.4175509796835828, 0.7141594340091388, 0.27363470928218037, 0.6249711931391411, 0.9555831744825044, 0.3281500859635479, 0.6769871580304829, 0.2333712211914527, 0.9774152759914856], [0.20973019436774887, 0.6336408966904312, 0.27950722714269804, 0.5545435846768578, 0.4066348143985914, 0.1617937598385768, 0.4526403040619734, 0.8217637852016181, 0.4114445805991601, 0.35859560300993465, 0.9850791940501534, 0.20140554317582815, 0.8350900163208589, 0.11725900987031235, 0.6079570938233598, 0.5056202669968562], [0.6267057005169901, 0.6021696014768692, 0.16302998622019993, 0.3657107031998701, 0.6259765012876912, 0.4297829307048566, 0.15516567386152913, 0.1610468285978136, 0.6035500570485848, 0.17316916537254046, 0.06250208309865657, 0.44886050152668444, 0.28667471669435796, 0.415664188098797, 0.33849695872066443, 0.17945040382631994], [0.5896540786270856, 0.37437409675694666, 0.12910531160859817, 0.40721315329883045, 0.8288444968113322, 0.4699517423983911, 0.828930433111185, 0.3048806229574579, 0.6675052455820096, 0.23402506018659086, 0.20805660834190542, 0.9233660646763885, 0.862239787308192, 0.4173308992102289, 0.8102857643903868, 0.7373045536387776], [0.13556119393541133, 0.35244410761530875, 0.7724435160446258, 0.5119799521696953, 0.34802522157155635, 0.3195591875616284, 0.6197727892081518, 0.14075424805193215, 0.4479910293670152, 0.19968846280243813, 0.40448491209553505, 0.8617084663576862, 0.0733947068659393, 0.994724112165574, 0.5288725258733669, 0.9433223542917396], [0.32879660232826036, 0.11447754274699395, 0.445626048979044, 0.8088182177605532, 0.33297607325396206, 0.07550001073069157, 0.3833596331730955, 0.2900345923039104, 0.9390928642371439, 0.7867915514928828, 0.43647301823922113, 0.8935820711450566, 0.9797095208581749, 0.06304481051942001, 0.013887826686637239, 0.5600597494380494], [0.5917516321034394, 0.07287028324076594, 0.6069135321553065, 0.8959891124045364, 0.4618261407797346, 0.8430142413049012, 0.8362191747086444, 0.525871922789292, 0.8595234939742754, 0.8469404880309974, 0.28285564533834207, 0.3663272087929046, 0.9204047149101718, 0.5130567348692979, 0.12230006411314409, 0.3242641581725957], [0.08207344441016018, 0.14401607837426778, 0.9157679563508456, 0.8279560669171757, 0.03023129731315266, 0.8587334452917638, 0.07181504296915853, 0.010398960828147397, 0.4146429874037407, 0.24530680261464344, 0.5018583970393434, 0.47475148704490944, 0.37202982166544873, 0.563313972464257, 0.7546550524438153, 0.3063860320405827], [0.05432013962209237, 0.08492027557220527, 0.695666439767639, 0.5459196496996297, 0.3371366374408258, 0.7049658503209996, 0.6663251738217696, 0.8861715463117729, 0.41680385796065944, 0.6226827589387819, 0.7974083383317191, 0.1371818070241636, 0.8205484853577777, 0.25955325021381626, 0.2074249667789685, 0.4503971958795311], [0.6285972063099486, 0.892583290342, 0.3013541175180474, 0.8218167976703757, 0.23394590102764745, 0.2574091396190682, 0.3362706559656504, 0.5482955962025226, 0.6901092440366675, 0.7993222533999442, 0.6191465306887665, 0.4325087723078024, 0.37552363721732906, 0.2543795716570788, 0.29913586572988937, 0.8031330314497421], [0.6052577561437744, 0.9456307715397656, 0.500170623862795, 0.5470134481792185, 0.1469781724326299, 0.8344540787317625, 0.7401491948919583, 0.7302554048380222, 0.4412588428880756, 0.8803633166210364, 0.5016212821782703, 0.6179369346859863, 0.738899338219279, 0.43876521207021135, 0.6640340118636392, 0.8789458603441336], [0.7215911585776892, 0.2091730990275139, 0.8636758667436649, 0.6181889712875945, 0.8624811934770903, 0.28794119942730645, 0.8095483110047835, 0.17409871765734686, 0.5440558823901327, 0.6859385572229836, 0.2649916532439157, 0.38956886455589845, 0.7375830708731457, 0.8186116691357183, 0.8058037355844186, 0.3073050722441335], [0.5559552711320306, 0.51278738649243, 0.4289688569684744, 0.3661384884404133, 0.430832838084348, 0.2418207175621392, 0.4490735877911032, 0.2937420939791382, 0.011965551838541089, 0.6220372543905177, 0.95065248812192, 0.5643680266378068, 0.49181686020212867, 0.4165764315691314, 0.13315571368896517, 0.2033532127992328], [0.924954558276231, 0.4727113461713316, 0.7654465555177837, 0.3376110227260396, 0.23680033715857818, 0.5468538500429412, 0.18472471235962207, 0.18475661900217377, 0.8881102915163348, 0.5437207603191143, 0.3882673281298853, 0.747045712709448, 0.4343173196564085, 0.6224997454978042, 0.1446543609585077, 0.8528182629219812], [0.7712420439825046, 0.6621076527508026, 0.5092468183518677, 0.10075618030957567, 0.13700333335886494, 0.5118562548461462, 0.9973606655668981, 0.7203299452727949, 0.7738530000070524, 0.3062693130427475, 0.2472230093440727, 0.8281877054949274, 0.8317155984774383, 0.13117077710985747, 0.14494421987790418, 0.2763045198586541], [0.6797426807353497, 0.014718019832220874, 0.5824883415916571, 0.03592104211399427, 0.7505742201339125, 0.013132024649038176, 0.6269054620753343, 0.12461988946935754, 0.7557868300978219, 0.3445215799560486, 0.028025212116706055, 0.5097675819231281, 0.05467459072489844, 0.8569743173348406, 0.9948395536719348, 0.47195466518861784], [0.09295623627500038, 0.7401854586836382, 0.1486140873333256, 0.5691334996219, 0.4834462513186324, 0.5360750508809805, 