{"dimensao": 8, "observacoes": 30, "base": [[0.7722170595248684, 0.5863546446315853, 0.25788279429046634, 0.22079620058835392, 0.7426083393163071, 0.39330760213108085, 0.781006839058528, 0.01882149249502485], [0.1796705603713764, 0.4798008906308019, 0.6469124660019379, 0.23448605308345793, 0.6066001922980503, 0.8683940971300179, 0.17883857737003517, 0.36102904372943423], [0.20556845205949836, 0.17784118708914975, 0.5593774180649099, 0.3959673195704455, 0.9170593087512845, 0.17203376241895685, 0.8057845724480484, 0.6851511823155613], [0.02711968800011355, 0.4898247640397453, 0.8447154743371307, 0.0596063995626952, 0.38177544678044784, 0.26795041282107335, 0.791920500238908, 0.36472150273801074], [0.1587583542500478, 0.8210829061467404, 0.4482139519743379, 0.5443574880820292, 0.48087042243983324, 0.7470548455696264, 0.19871796173317657, 0.2895509049246432], [0.1276801613490658, 0.6320414443573555, 0.32563954219713487, 0.7045448870560388, 0.00766812278795348, 0.5948320386014969, 0.39727830695234656, 0.2594349188174657], [0.12491437565614649, 0.008590159565538324, 0.33313035567807503, 0.20462005353803914, 0.5865751514518047, 0.34296668601605684, 0.9791510487442867, 0.0007416633465446854], [0.18416146116736243, 0.508980704522528, 0.915431783444874, 0.6062572050747688, 0.604287345898475, 0.45442582688731437, 0.67435111610701, 0.25789942330203863], [0.679724236870356, 0.4378505336076046, 0.9834727438974356, 0.9733115969887077, 0.42483563187963147, 0.4516891817366997, 0.40436715939581125, 0.9756480404892087], [0.8212376784521278, 0.7039944605363809, 0.6322546272589019, 0.3254932951572197, 0.47613983916361713, 0.1264649013578688, 0.7176537132551504, 0.0350378707165917], [0.23294895170126995, 0.4725171064979594, 0.18443336825276446, 0.8013479429133585, 0.16681957474757292, 0.5048896456764432, 0.3395599804471552, 0.8660513312977394], [0.7116827753835554, 0.43662709098606023, 0.18614341897825049, 0.29751149176730374, 0.19951306119036705, 0.6772234054995083, 0.6270690498211109, 0.10593929075882824], [0.18672116219228685, 0.6639856581046256, 0.3040333352012259, 0.44826922771945166, 0.7678320655665022, 0.38601248166310775, 0.6423587774738907, 0.44033222624399604], [0.6551541082232955, 0.0868883420624007, 0.4802608338093822, 0.36248051059900976, 0.443736991685718, 0.8728936964631945, 0.37651409267271396, 0.3345996174410937], [0.8139565599865333, 0.7270701033691293, 0.8291909904892547, 0.1651682909701837, 0.707150789646936, 0.39059927780946113, 0.533642743687283, 0.06259897744614351], [0.6034128150811964, 0.3685001598505321, 0.960447997560016, 0.08462223395124369, 0.6121409322683018, 0.6243653417612204, 0.8902189782817879, 0.07947292103894066], [0.29495288311417567, 0.9118873575029746, 0.6418917300711052, 0.3230529437296158, 0.5500874125098065, 0.7849387601959338, 0.02105881395092113, 0.27552247571092503], [0.8992842648486365, 0.7394037524090991, 0.02071581691823865, 0.5957266422925716, 0.958475723389618, 0.5419734254694851, 0.5166657418179452, 0.4762377709502603], [0.014290831388719227, 0.11289866895408474, 0.05753448750614987, 0.48015326374419776, 0.2653995235657629, 0.45816700324852466, 0.6531177028401746, 0.42349169128062913], [0.7420622216322306, 0.6959384466318571, 0.6342144616035323, 0.1671529540702923, 0.1347166878412791, 0.2101778038644012, 0.2739712044858149, 0.4660720678089867], [0.39053961070791887, 0.6462737498649184, 0.010839715825990193, 0.08622973801408995, 0.5447034248064051, 0.028510743737393485, 0.3170538321739791, 0.9174124686927865], [0.25625851210805717, 0.3369400734343564, 0.2968300929759209, 0.871113483388865, 0.7543214551640316, 0.9133997351175271, 0.9007608135042086, 0.05806538907098335], [0.9601469918059296, 0.2541431507437516, 0.030843481593326505, 0.3174419440179974, 0.23324103888053416, 0.6791105552870408, 0.003041644967582968, 0.8689759346940263], [0.5644005458439583, 0.554353365461178, 0.9430936263270969, 0.4430774402482671, 0.022146890534797015, 0.11610963134578267, 0.6224454701598297, 0.17061402527523728], [0.9768686302630668, 0.6222828182181552, 0.9993067958085831, 0.9794197746873013, 0.7137623866192698, 0.33069674295391627, 0.826791177233882, 0.7707593276279286], [0.6893064079867578, 0.5920678599526041, 0.4805983020714424, 0.8883657388140498, 0.8721502225516804, 0.622922569134548, 0.3116644770973117, 0.5421615707517887], [0.5649006186939769, 0.8197273280814568, 0.013472971452342164, 0.2926724326353872, 0.8021095229519088, 0.1642101696248225, 0.14320184842785755, 0.8124707800904681], [0.3931358773615722, 0.10238928830244598, 0.7018525717765058, 0.8131354465938292, 0.9297550442094676, 0.7538597593036701, 0.7500401913875562, 0.1473891744536009], [0.5297324932966576, 0.6527817687018947, 0.7948186210373109, 0.5124686434565776, 0.6865437539032077, 0.8881483696848295, 0.9368177535649651, 0.27455014465539185], [0.40336777364047627, 0.7280025586300831, 0.5259946526297382, 0.359150037793754, 0.04915276243756106, 0.18116575148303926, 0.0330334430350816, 0.49234080564917815]]}