{"dimensao": 8, "observacoes": 30, "base": [[0.4289702969446014, 0.4391090138367426, 0.6212514905702684, 0.7040591816996926, 0.581734388953424, 0.42963994418860996, 0.7891804337282893, 0.6186846838859128], [0.41722652961563034, 0.3391821817769233, 0.17487835949317476, 0.9371868956350277, 0.15361378326324437, 0.7420444508233727, 0.3431258908808643, 0.08119180393616365], [0.4691316993445884, 0.5124668180018968, 0.366072509958809, 0.8941166065484498, 0.009847444115574588, 0.91130697301498, 0.3510046392271218, 0.8509419023628626], [0.010143603160724601, 0.2839183753857851, 0.02002429269106165, 0.3799817667963955, 0.7845211795988498, 0.06321194180256207, 0.3859298215616055, 0.756911324207343], [0.9300009408887282, 0.1661152151838451, 0.848049248102191, 0.7864991338684558, 0.5078208174938368, 0.38775735537661815, 0.8789806998650344, 0.2986563885723359], [0.8714445229328942, 0.5773909242309676, 0.0015178095649287515, 0.28028203106942473, 0.20712642112480417, 0.08138145417119291, 0.004321953207383489, 0.09049244894998898], [0.9972200102410254, 0.6121748244967653, 0.3333979010514003, 0.812431970070862, 0.27770699562904266, 0.9977974202644694, 0.6364484521656874, 0.022442447484835815], [0.9516087191285246, 0.3788046832286369, 0.7793971305425186, 0.6777862075962123, 0.5753939961136382, 0.0652495823580389, 0.7356999725593035, 0.007417386815781746], [0.4088038433520258, 0.3842985488947124, 0.3398640560442676, 0.6019588990016898, 0.039983491278890226, 0.2232002049924675, 0.9893983546986267, 0.07258248683786395], [0.5913670022779349, 0.9852445734054025, 0.11793301411504431, 0.46652388742771755, 0.048741929454888755, 0.7594774016949362, 0.9032917554534577, 0.03656495762886969], [0.16747385143531945, 0.4545717735147171, 0.9685476519918772, 0.007766423175734838, 0.9078706641770895, 0.38937906521578125, 0.08519813096716411, 0.20019092547268758], [0.5371934011555839, 0.5600927522720693, 0.7681134920127454, 0.11717419144719654, 0.7632827159747229, 0.02991968264039324, 0.10616865494611549, 0.30799680026888854], [0.9614745427846326, 0.7789394567564911, 0.16603757079853143, 0.9689553755168784, 0.5251243315965043, 0.34060741873745537, 0.4994447377681148, 0.9541318818703671], [0.10762177911376003, 0.37140774113647335, 0.08320258658808577, 0.5302350385751036, 0.05834250215351611, 0.6329965892945589, 0.20712141393171346, 0.39220965599648083], [0.7026208330956369, 0.20944041605773545, 0.7232631907589131, 0.4672387341477332, 0.22914240722834667, 0.6981509300971, 0.3972226323283313, 0.4551267599999488], [0.9790498309120911, 0.12898840356808494, 0.48313715779829824, 0.7603238151915753, 0.6211848900344479, 0.15036002470142162, 0.4874692031223139, 0.1674776837734535], [0.7417365195937021, 0.6259231864815075, 0.12084518216001594, 0.8674358649556659, 0.48074986474796677, 0.11290681001717418, 0.14853758228823177, 0.7473716940346323], [0.14149644963663544, 0.4673440311631646, 0.1780512410048397, 0.9284823768581616, 0.618794298764224, 0.5232175431729695, 0.15555721883147755, 0.6133299160643579], [0.6253403639567999, 0.028780012069190564, 0.08857663962370477, 0.40134063456957103, 0.18992847509900623, 0.8731053578974955, 0.48747665331555357, 0.21063213703581785], [0.1408366275364985, 0.5990581203164739, 0.4685360724256532, 0.7934845244814434, 0.041146424267493376, 0.57833784056702, 0.6711741379940319, 0.4176058243378318], [0.23395502714664007, 0.7935910424846142, 0.11732477961540999, 0.11042770272512403, 0.6503310116606825, 0.7719052735636905, 0.7154100469117401, 0.2551965358145948], [0.8913052605741111, 0.33494208610651244, 0.5600055026565793, 0.8419385816283811, 0.9806804106177719, 0.708473064589187, 0.6784707849527075, 0.1840943067524894], [0.94114004786151, 0.1440581359455323, 0.09104377290234467, 0.3100699774939423, 0.4271885723322506, 0.3314732601122382, 0.2614437455518195, 0.7857412753861833], [0.8489599524901073, 0.1040530434150938, 0.9055734011540255, 0.21013176133854217, 0.6157680877158759, 0.5329931004164017, 0.02248844176740017, 0.8238533119097012], [0.5084171949652816, 0.7320383111673245, 0.687293046742813, 0.45854697530543165, 0.4475882960056784, 0.9586786934240391, 0.46384386944755396, 0.7616084207345721], [0.9214465599352297, 0.3915168525185371, 0.7330368918944111, 0.02737338665530431, 0.8586231830259177, 0.5451090012132163, 0.4933736762594364, 0.1892047319714003], [0.34876387569030165, 0.3361943337243013, 0.6432585620292508, 0.349117376721794, 0.8158547509478188, 0.034866369429690014, 0.03044561340422136, 0.36026918924333706], [0.8230554044174334, 0.4848147699294859, 0.708339939755406, 0.40950869513930954, 0.8025331979902117, 0.0768956707264764, 0.9628897818158088, 0.7087910046753364], [0.9616286879059187, 0.33380327722168934, 0.9830684921669812, 0.42494057376301786, 0.15938776558695444, 0.7729753581817986, 0.9880663702014909, 0.1473104452455657], [0.9242577066028704, 0.5721810266682301, 0.4723168938677629, 0.6028632045403141, 0.584205907170686, 0.20635209128871013, 0.7088709782471548, 0.5767158840739478]]}