{"dimensao": 8, "observacoes": 30, "base": [[0.9197834603007861, 0.9911127567468232, 0.7167148942495575, 0.06023442154181269, 0.7511339275816693, 0.8618940778691654, 0.780179796547722, 0.1077291568031069], [0.31377155443827065, 0.9978447635733088, 0.36920832269385373, 0.8921894334340351, 0.5243017128843832, 0.38279745330421366, 0.905669397124492, 0.23495650070957363], [0.5594227605401562, 0.7751082313417086, 0.6522644232489149, 0.5360704004709679, 0.5796832143339306, 0.554480446810231, 0.7219754789368796, 0.4370930959857987], [0.25724101210394146, 0.2166201440652855, 0.31524787509157803, 0.6763044457992101, 0.7205899882882224, 0.1684377669468804, 0.9597065995102632, 0.2906271129756195], [0.8659815214110673, 0.736223930168147, 0.6829282090738641, 0.43442862955162675, 0.31769133656655724, 0.1951773523949103, 0.6336420060728383, 0.9258454411586333], [0.3349864269550359, 0.30731975365740294, 0.766748769933234, 0.9565602506874973, 0.47238804938240453, 0.33318630566256846, 0.8087620628744029, 0.13068928514797162], [0.641910820091428, 0.8702388399885118, 0.8134959394522305, 0.855907979591538, 0.6131364876158171, 0.20096167939674614, 0.5107311238704759, 0.7558014842409821], [0.5579043148089656, 0.15223184436651283, 0.6331208049505362, 0.46339164365551166, 0.9500337724002563, 0.30287635950614056, 0.33195603609533864, 0.7717143007266839], [0.18819531979628268, 0.3904425845237214, 0.08960081768492845, 0.6176896789476977, 0.011420580483346487, 0.7363867598415127, 0.6170072000438516, 0.7545708336830851], [0.04691143933296038, 0.7475929788375548, 0.6330374754572854, 0.7906332303087281, 0.7330544220321303, 0.7082424233214162, 0.3752878652400039, 0.07512524584470703], [0.7181721114197773, 0.36002369866114126, 0.49605423369072943, 0.7958910020010496, 0.9812729602154286, 0.36473126955820134, 0.0689677970659266, 0.7181191201387882], [0.5248412973465815, 0.5148446123007222, 0.939019818808745, 0.982155420571363, 0.8193601253052251, 0.511145745238541, 0.5666873118005651, 0.4003180802809594], [0.7980662071123339, 0.001839573486205448, 0.3877988626018254, 0.09298268292403777, 0.6110827049856626, 0.24025282261675762, 0.2142455021362295, 0.1803458880037504], [0.1975618584513491, 0.16776549647742278, 0.2450754758575987, 0.2625635134024813, 0.4865112019200931, 0.7694523583380258, 0.6839189491541809, 0.6499194257748004], [0.48640168912043436, 0.9973783992849568, 0.7488079471908482, 0.41844366055651905, 0.3470120117855011, 0.7382073131291262, 0.036325279861752824, 0.575456741005214], [0.12814026220203367, 0.8511558279872814, 0.5695207542328504, 0.8027557659694285, 0.6571351193998637, 0.1971604542678672, 0.045592574275638564, 0.1301158966069782], [0.6681063393823826, 0.7866878884325729, 0.39403979940328393, 0.4882792597089236, 0.6942030098071923, 0.718081076304963, 0.37246069531722303, 0.38905299638712554], [0.952667639700262, 0.4473281944471319, 0.40130895477092143, 0.7564356798462828, 0.864802657520193, 0.24358424575583815, 0.6074873444294436, 0.4362060711428166], [0.7578033431593845, 0.02093051753073072, 0.5281639487767962, 0.5464858717343074, 0.10315379385173162, 0.2905481948181877, 0.06474483611991455, 0.9590814240944755], [0.8381037217325776, 0.5568848114073257, 0.5902170850679732, 0.4997897414770617, 0.5376752558647739, 0.36825238174160346, 0.22312578371873037, 0.9663774786949656], [0.8236028927175552, 0.8433846346053113, 0.39986091933355805, 0.9541459357372558, 0.3826989687042477, 0.8693495405652725, 0.28496382441206025, 0.22548844144069202], [0.0024942048848886067, 0.7855645417950577, 0.8133469752979229, 0.8411263507143613, 0.6773482234424412, 0.769600140457503, 0.8083426567947616, 0.9143548333134073], [0.75848162447759, 0.5808900861226054, 0.8523106727296526, 0.41857504864660977, 0.8895787339530409, 0.8035546334508716, 0.2260645275012998, 0.0757888062132257], [0.3529112123796696, 0.8713530393734283, 0.9190847934376493, 0.6152041379737627, 0.21664897273310624, 0.3864517631490958, 0.720763610664307, 0.20187421941756056], [0.9651157295310611, 0.09836056029486684, 0.2405554841496439, 0.36736655156458575, 0.68377777801291, 0.6595197430731454, 0.621551182126797, 0.2550391176332235], [0.41067841715239284, 0.810340570158808, 0.9479322891313073, 0.001491919062208913, 0.020834195401547517, 0.5799386035322255, 0.5585772110726316, 0.11386156890584986], [0.8909670267710984, 0.995521794612478, 0.2494757164605751, 0.5253559292557685, 0.8203085962525439, 0.2665699808695742, 0.7686536992746695, 0.7015101527960329], [0.42548560722286577, 0.20389244787934124, 0.5210315198509259, 0.1986276490147082, 0.975669792716268, 0.1646842956313015, 0.7221545589096322, 0.1932918504308634], [0.9775678337659903, 0.7692721197992768, 0.5190427164191904, 0.123792372493984, 0.8279866636633194, 0.3681099127425719, 0.14433684036324512, 0.8511366788826064], [0.12577858498817807, 0.7980357481177053, 0.08669251131114275, 0.782645218180988, 0.26708935809123546, 0.5484281422497054, 0.5722392603690104, 0.6823171034460903]]}