quantidade de observações,dimensão,expoente fuzzy,Hullermeier 0,Hullermeier 1,Hullermeier 2,Média do Indice de Hullermeier
30,4,1.1,0.4851992719693500454445205177207820886516943629748013988636762571086852354406590701680590588339543348851273052495836991271468519455673249440823691251583428276624103119898383713224065827286789556497199327336939076790443569088460071455495672383784131879836051540947174511239278289158100690234573457575839493343582461494811785499274525527660476313301208905511660985048602934317834126960160570431388528514,0.4854128686817031412301370709671774474990598210023588695539948290745801339020410514436770805150198481376136416971394729106392857905384636567422140506070096749964080535415005217382028088351576163849306883623858682301131134752724360220086912878429388044374921834312407022717657958646448573557469631293319440438617472987187131221650984904888822891190978972874847004046124157666063847056429253744731130339,0.4851781847306834169219046834230150365263284673567543793191678964897930038773057521035223876369335332825069685115350121113456907274878661017871888336650545625059095049856046943897506749783520406115259649499085859105506364454207356218342282350279519405057028562317722613695795362277174874475657045615616915716847315591549211971665135899111876456761673398630689203155921806692861161203946498710530312434,0.4852634417939122011988540907036581908923608837779715492456129942243527910733352912384195089953025721017493051527527280497106094878645515675372573364768023550549092901723145291501200221807295375487255286819961206065693689431797262631308289204164346443089333979192434715884243870027241379422566711494925283166349083357849376230863548777220391887084620425672399064083549632892253045073512107628883323762
