quantidade de observações,dimensão,expoente fuzzy,Hullermeier 0,Hullermeier 1,Hullermeier 2,Média do Indice de Hullermeier
30,16,30.0,0.9990778320112532709086169513865155339704765836257474563413141841609587533043188044400013366444190574878601803567112354422136658978228404406119211329978941262495648448673050014366288170655625080817694082548260649999061374683191226541926797538251391093219787218581946478250721258758017545355549087232679429118921492429987285369915756449290013767188082130901837665344656023252464062326599571036607447119,0.9977127412182609939668339594958322909448312206450123015944333214526460817184091122388850445398164317135577793840804744127178714495666651049537376655642280847601464758462746156843327999033726211552895848618271775988003004290141218690002326578106764487551401152773019906858639981569613394528849217393957714308668560438611682380449877363990310420069035515511986518758764582762423707693223990541527349681,0.9986394055803420053767427103317114267582706769700591539048716247737781134829854204267257103758933095456457620671584888355014500671900216348537391604910690326574792250854106637390017378898471183927198175917696810419432698290251440891004248850498379095210467784340525719602895983176200335208119750614317817467870223197301000229998642775844223281579823703755581827455738950587122908274534272961601678241,0.998476659603285423417397873738019750557859493746939637280206376795794316168571112368537363853376266249021240602650066230144329138193175726806465986351063747889063515266330093619987784952927415876592936902807641213549902575452796204097779098895217822532721871856516403490408574116794375836417268508031832029848675868863332266012142552970818248961231378338980200385305318553400355943145261151324549168
