quantidade de observações,dimensão,expoente fuzzy,Hullermeier 0,Hullermeier 1,Hullermeier 2,Média do Indice de Hullermeier
30,8,2.9,0.7978961310800152114168199288737021693982707826525192882290616047883405383710200689098033036570450107025187759626284213736824415756218398092132730265123305513870226446003192510354791670017574528979111800594702350882715567625133255857287811752789702564220258453835302880818979578040956307488465995862517220801549022810156576704488248730908327420542549927330895498325737128236393103949673453897751511433,0.8047954550747467839952351145101240601239336777316468465077408640768963699816287147804704814951524833217574777942389057082289239540230303568464950722638391086677540432718033926429417758840624456802723588585840142029935001037889259486478436921991216021010003096614981624407284772261520116559363217592477633468319424325327848300138405429645758434312737744474746618863954449792747200586662711966121354741,0.7796232828112814506259845176220773545021096142376259037923906492848644881486051900260829081211863356643764911834137686195200213772381730043839941959882958472279637022047224837307434473912802053120446024771933195313583112228751632697849691611110224764413339346879341456121031904928878873072140563995601810916015646110075000206684393624220835928033687690966481232200844849974971263383790488371193612275,0.7941049563220144820126798536686345280081046915405973461763977060500337988337513245721188977577946098962175816467603652338104623022943477234812540982548218357609134633589483758030547967590333679634093804650825229408744560297258049347205313428630381116547866965776541987115765418410451765706656592483532221728628031081853141737103682594924973927629658454257374449796845476001370522640042218078355492816
