quantidade de observações,dimensão,expoente fuzzy,Hullermeier 0,Hullermeier 1,Hullermeier 2,Média do Indice de Hullermeier
30,8,30.0,0.9929037367334764924067339791960412876251277747801205216237740990595683544288428326920529050839321568050064968966352561005873184572436590328821354797377207707762530212648167990161507505155600204418666222196297329648214832872626339465380659194381950823389575118490577033514008274430502533423727444569288739744004798556679639107806838512251110118883524379976031521323746449417368221658873799478879802811,0.996385056268579997358966619419774715815625163201872499626244726456070600170524524742544258074411136552993600618766167670812614705137378433058472799852510810733920183535495704497049416031870862564440671682893411800655989001638715934082119684307373714237168717679600899381377099292733313644382315223895142404719606875842834489227270738737406875856302892878661100271742901112740243690033251242200876686,0.9958181029730619077158872270087477184869453048122129904009215295027664391602244736371008287333949762653854156603825940533557875439615074159419609213009243255686833300215596597172750109287687142647223660441830070295373062437092952275974223601532594963706370509516999175054217275903935093461204459621372465212254873787508811752839466539200006076461713578060178212728605982033301100557772337634743408906,0.9950356319917061324938626085415212406425660809314020038836467850061351312531972770238993306305794232077951710585946726082519069021141816272941897336303853023596188449406240544101583924920665324236765533155687172650049261775368817027392026546329427643155877601601195067460665514420590254442918352143204209667818580367538931917639670812941728317969422295607606912256593814192690586372326216511877326192
