quantidade de observações,dimensão,expoente fuzzy,Hullermeier 0,Hullermeier 1,Hullermeier 2,Média do Indice de Hullermeier
30,16,6.512,0.9978502515381440960516729203867722211204021907547071808922255693352446618578497817777590799548567361730295591925435793122488245263787490513714866247382108665934944660853174755419826242301421275735618394653719103207862373078376588699870596507889854021607334933737613105462158988579554736003703563430294296819333604985784564521281579288089972322794695359425691238539173534702352177771287597503928789162,0.9980517507725227098266625249308777842231992943172150585648024825128509837625768828339038672902565331000665943148082613094183410065137392148573392495441409290157085648678686703028866528208607640346548001622268047057501989217583621521092484456021906533675647506418207555763429513692844050330547095499025482275061569668455912377154203150450057851430559645516755785313646596976832399616927039216289708611,0.9984739570084616848852715072519181191367395373423751796030108591300029194046345879489524516334280343406258241844183224055002096402928997341946569283457376846005682782287613585169141851033300445813718316265044328293646206134696875786322927603112414193532647909859488637240735384209696575293609467552904923637658334999753932771669064718337963083275328721675099688459363695478364060921655044402291618155,0.9981253197730428302545356508565227081601136741380991396866796369926995216750204175202051329595137678712406592305900543423891250577284626668078276008760298267365904363939825014539278207181109787298628237513677159519670189476885695335762002855674724916271876783338436432822107962160698453875953375494074900910684503217998136556701615718959331085833527908872515570770727942385849546103289893707503371976
