quantidade de observações,dimensão,expoente fuzzy,Hullermeier 0,Hullermeier 1,Hullermeier 2,Média do Indice de Hullermeier
30,8,22.775,0.9899566063596760077372266954459903133526556943549931090089626848671659755137067895933749754129363321434584883769004256441617955762466432432957423253604898962324102542571401607120117551917955916345416549694363108876212789153747370959222013825213945828310214019852335152056786222547525192619926781412587643204661965882515783623490457349319621329515575487128695342040501769184860069887631694225161993524,0.998669935363609162898514631247435143933404602376506417896704503705958832626248320366771073098381881604546072413255265775858385381470627226065184071162341755805545697594823828176155635349678031921848027651888128145431923299933674461818936496817254526328630789197076210409416813921678643103084533384484204677688365597777237199943598037346523833724620852891240798733657100223123166703154971310125359113,0.9961817539396933034860585691740465906209775995614696977692120438902500897822556312628308278466776424421998654466586255343235162465193129591810063327234441473574713662527956229401795484000463340675271482872411429723466054334064218320531344586641839041694721783781913617868537540409349995178597342736247673279940209234474209784103682526238090267521482571100093265788312871972969080997452473891303753318,0.9949360985543261580405999652891573493023459654309897415582930774877916326407369137409922921193319520634014754122714389847812324014121944761806442430820919331318091060349198706094489796471733192079722769695218606684666025495716111299314241126676110044430414565201670291339830634057887206276456485997892454420495277031587455135676706749674316644761088862380398865055128547796353605972211293739239779324
