quantidade de observações,dimensão,expoente fuzzy,Hullermeier 0,Hullermeier 1,Hullermeier 2,Média do Indice de Hullermeier
30,8,8.325,0.9833557827499322691209752124770291573123335115738303851534834345126023554457545340035936351091897552295733246757122202636921153054386747884679421383658273641758507998043392484818035852094367971137718653791603213722868796576885663015778414117588033822266167861699112358625696682833337486684293204044571172385391693145569577904728994705988201734115630432612739589920107691652982762647083034732899939868,0.9957990343350636127149819448126167391783137743364445932506770315978558529611177769602847675407489450326649605217393752245014496443866858795221779513835242134709232867338950651759863161568709298163867313370182320706152030553149564846482864219841219625272867048712116480532069138919137201451571694220104973784077885848780464972700313932272474810984631750947080473060478806267919874537061478039786366904,0.9622179242523510015301739255191523387490339197172759324465073885677658185844412121897504676902889055082466983024408243151333789538500197139769418310671483734247363444149393432855117256531683188707605052925815558775435779171638525553970314880797204225081214936070859808747659127031388404751793201704225368282083703218552503133830626385189915746538147066811700323197455130863396733346349451236530821369,0.980457580445782294455377027602932745079893735209183636950222618226074675663771174384542956780075868590161661166630806601108981301225126793989020640272166650357170143651057885647767209006492015266973034002920036440148553543389125113874386440607548589087341661549402954930180831626128769762921936665630050481718442740430084867041997834115019743054613641679050679539268054292809979017683132133640570938
