quantidade de observações,dimensão,expoente fuzzy,Hullermeier 0,Hullermeier 1,Hullermeier 2,Média do Indice de Hullermeier
30,16,4.706,0.9970356616132397752895589355766119968624060974903013816499178841901958392944564904152456065529670309668108217083849487163789692518521878223066744582907751938419677296472356312201009251326645820538589398088364735859501458818157478119465740040595891848753254945497263651504120121063857182917305799104164630633793833222081735677737302747364014660775625249718595934671733196823605997454178162976185958495,0.9969737548033527791475926857067620708394682038872227396653050928211780268361019800975388644970763273888270247099113256748630653497742122378183308339714743350551559746603854499675297487595650153857933301744043787561420941148629686066804666762770500913671943072639841041967402236146987118156344954877221958698356544063582635279049058106276162542175808671284954849795452173068220972911790454699494714089,0.9972518175725454029352715768272610337192321689734096691411550912611231784894835491267633042088073172896940434680631415655890633375669516762415835637937914122533509894110912088259787966631434820956516885494032282233540273141074989246846801866074903842292186804744287976063979559882371392307490735469538986820548257327772332242059672776128749743744792706654060685503934835569420762964906840784535941866,0.9970870779963793191241410660368783671403688234503112634854593560908323482066806732131825917529502252151106299621198053189436993130644505787888629520186803137168248979062374300045364901851243598451013195108813601884820891035954051144372402889813765534905794940960464223178500639031071897793713829816975192050899544871145567732948677876589642315565408875885870489990373401820415911110291819486738871483
