quantidade de observações,dimensão,expoente fuzzy,Hullermeier 0,Hullermeier 1,Hullermeier 2,Média do Indice de Hullermeier
30,4,15.55,0.9333651483820113408312197564115871319862300128979866885862280827425418153752586245460571066794021027301496733037624342288088065753851855924542251141134823524261093683804881664568701340621443822547631297969552060494835791029627273569852220052567415941734632636749798505718531747358740721418982309339081818571739768076220237695570548568399860709939755242082644111546006217102673226518423931816730268102,0.9345442095090673404771827366118707955510000492865774731296847758538913640361086073596625804494793007541244133815573895276638443322258643704248759620601904530102511673225332881627243344601490996106093632642205404907440008202382932161030042332216596431124680841626916546481674192414903088598821812702157087087889761284037890388554389569023421464302116330568161643257710810700643617029350020032690151394,0.9280960225739196631241293980849183185520434984590099725653586660381062476883815482230610019177932360506700212551244195495376945605240865049426838941098901158805492997485478552124209908172238420441107334156776285977134507432507650151456627646944282531603690065445217434653496657480973983346768864731621478882738375872146039277346256779587696734871044986665807940256920311401410048641475688349710273897,0.9320017934883327814775106303694587486964245202145247114270905082115131423665829267095935630155582131783147026468147477686701151560450454892739283234278543071056366118171897699440051531131724413031610754922844583793136768888172618627446296677242764968154334514607310828951234199084872597788190995590953461514122635077468055787157064972336992969704305519772204565020212446401575630729749880066376897798
