quantidade de observações,dimensão,expoente fuzzy,Hullermeier 0,Hullermeier 1,Hullermeier 2,Média do Indice de Hullermeier
30,8,1.1,0.4919562975412073327330552001427400707178968156122823999570367169592207796722169283920609516462688812734154925629454859639133728052388251313859136659990502064731124819619200216326714468858015353425065990071347037910906101196310916325301536037917363573140930459656170419810136055221106488989533320135616254706312935475403798580830851776621264567443067274013018873023335829692109751432845759270179630864,0.4916290832012534342901461362997824525800985038162417767506101734887390974867944966768547461547253856619200044024611003718427028075958101335082408641542308227964585343942285358625647289990763739872431833799984020774218382164053809199115937582062115074048142177934458664997148187071809016583034805193754630836135408689980151676646748698227207481391551240035025389628205582168128259185503925865186747939,0.4851375923976416109497587033643473566952794530233514616074154868740706928033790965688053444889980506986285395951103553747060427333290917562576090743781017131681908138684901035270468170519508967494608436927192545345863773110977967921257711243441869840517785521696648737197009667573310299466142088988646012886060666455437290838561078813315454727789773860117290018190300304945139129061959331638954088039,0.4895743243800341259909866799356232933310915908172918794383541257740101899874635072125736807633307725446546788535056472368207061153879090070505878681771275808125872767415462203407609976456096020264035420266174534676996085490447564481891728287807116162568952719762425940668097969955408601679570071439338966142836336873607080365346226429387975592208130791388444760280613905601792379893436338924773488947
