quantidade de observações,dimensão,expoente fuzzy,Hullermeier 0,Hullermeier 1,Hullermeier 2,Média do Indice de Hullermeier
30,16,2.9,0.9890605476054557181133746675311611622125916196895317324262677233469908799472132392514239162159908104250599510058036684786012827473313186704000546703607176066204894670413252429448216553538775644127192845547370842757644624673931403454306560788583589743216751470769936397951309554719705445603334254568967501075612918783398728731780597296093894839945059595277129888921588156333882278095259428241188378391,0.9712577036986629044682765358237360969831006422400876667995011157769506247647934837801290316975688143487648531558883214242259826996424577776493323887610850505797030067406030617026339050282666095927428115798500179369782593101212624649739450201389698106245685124122176679411543876701145104647016138615921846181921552273802576525779866390689568456541004572569150444930306681183073195826478311572149378755,0.9944417998985206010577987950596550919224811494976326819769352116984032771334444606419973941172852780501832583675507369141581888561237059691987988438624456658108436742157379209153845926858535661547333658097203007011852351297925588590813564359971840809352313560788922472792907947920694171073052640877141355569767884491089004571756092268592225180080599676846707154685310435967272175665700376738794838549,0.9849200170675464078798166661381841170393911371424173604009013502741149272818170612245167806769483009413360208430809089389951514343658274724160619676614161076703453826658887418542800510226659133867318206481024676379759856357689872231619858449981709552938250051893678516718587126447181573774467678020676900942434118516096769943105518651791896158855554614897662496179068424494742549862479372184044198565
