quantidade de observações,dimensão,expoente fuzzy,Hullermeier 0,Hullermeier 1,Hullermeier 2,Média do Indice de Hullermeier
10,16,8.325,0.9296920813227675720660105836452367804151987521943360665406500565387059897863589624283967428345219651066613615395681686568626826387091227688157856705958143714582684416013210485148880878583290015222054494303166724745893479976989163738216936480566312185648521148383110169465008616747304624379977012241346105314819598858790376438093096366026495263179841243522747371956920786104069740564200109207984124913,0.843523798518932812394079525111914261614725808465400916246812710186740547619173718869146776099755679735135725742669093449581445408399754884259092987660812306623911820305170381745459598144597813795277771721884244854623207615369245194008652835456110337740798634677498997913102867965866182979029420652674897456614498377991968291136837143726662840099610918943106957512856756397505592755244550343425372338,0.9884326507663842876634912533226536506105674916275770522428973913419186847013592928817923199965843623153213236438746921426897675304820213107610539045997793080640574333599989467178134992215112213905064098347673878153017783416863741022021729658105746480598954337254622304480653539191311178475182558978548101837504605074110293705157364126164799802489303062140949142594206042813578104607419645190353817546,0.9205495102026948907078604540266015642134973507624380116767867193557884073689639913931119463102873357190394703087039847497112985258636329879453108542854686620487458984221634589927203950748126789026632103289894350481714446515848452233441731497744387347885153944137574151025563611865759210881817925915547727239489729237606784351539610643152641155555084498364922029893231464297567924241355085944197221946
