quantidade de observações,dimensão,expoente fuzzy,Hullermeier 0,Hullermeier 1,Hullermeier 2,Média do Indice de Hullermeier
10,16,22.775,0.9755381805408496575061555262161281097006392839691403947254899728912088754531432291160132105510379424761785438865160248904704131377912300610139995088719979557033132697360186844477159378562589365906987254632915923873107333023715091803500068096714073883140028341874698076244097235338723578169567414522972488339001009556369687449102576828995435916594115932823805678230027664920568315035382721933625819076,0.9779552042025070828915044558379760411711978464742986625870379927707461759739647502210695851072855431527475947388612631725184178018981003259555912634805496033656957509726415032233674553087028908461306323882578553952100834713351830294214423854910815065921992978324559265537894418756984846322264313427418775159990073719516149453696603366889967103941450053887331693351083341797271511545422997610796783545,0.9694960499237731931746893151617207753858773082018543993481532362660987354819919061106123350321274866381370344762380824266266682701161163453618189216590210099834812697309465488901579289806715675140336008688237562895674138075552990970077175904178527843466377539590787429544111039714804478456504277246910666008483295266030775343016800571930166393663762401772759496959150619823000962225710671265374473156,0.9743298115557099778574497657386083087525714795484311522202270673093512623030332951492317102301503240890210577005384568298718330699351489107771365646705228563508300968132022455204137740485444649836209862401244013573627435270873304355930555951934472264176132953263348257108700897936837634316112001732433976502491459513972204081938660255938523138066442796161298956180087208846946929602172130269932358592
