quantidade de observações,dimensão,expoente fuzzy,Hullermeier 0,Hullermeier 1,Hullermeier 2,Média do Indice de Hullermeier
10,4,1.1,0.4444446802494742422300059171289238570269364921747556928837201034638332842720438262404391708028331689144724669771919707160338835204280566261650492087086819230928901290241465466145892073686482299471817047510538239430628263377066964496437637805876995477351098735123329142509370770688856016751569227834851666775238634978916025587644811868466134518098034983681098328279291719638140855583812124819846444896,0.466666379492424408783337542526411117883527073707713981213449206527735569258449107982489413942981712683357995286111471157749602705711452512731961176452062343386434405810127975708922728742469777847942005647078357530728613965915869901993859368271374201115788326898021917549922448126065022114332639130746051845913728786783070369026238817383028076020678348643050554275711384278925597316528437627063201143,0.4666647731582794733277027871820647780235918461723368294581178020635957407167670246900054718963747147906508823704240587880306901097586691050133136125902009613629053468085845271914837802664449024653364115291197477882743696589561427906237413777168207762803721498340327422259399240406015476889063151148733742052244809566010732173095482049472958094932640287869600357367897873825349894736481882924802328651,0.4592586109667260414470154156124665843113518040182688345184290373517215314157533196376446855473965321294937815445758335539380587786327260813034413325836484092807432938809530165049985721258543034201533739757506430873552699875262363807537881755252981750437567834147958580089331497451840571594652923430348642428873577470919153817000894030589791124412486252660401409468101145417582241161859461338426928326
