quantidade de observações,dimensão,expoente fuzzy,Hullermeier 0,Hullermeier 1,Hullermeier 2,Média do Indice de Hullermeier
10,4,22.775,0.8217034419359934424114052491615728923281064423968709730577201817606413708394895905588842478365123665549569467085292837015492003218410539831181387631956939117400385013092159453200276973613016711556125484329307212295332997371299692198369144868010376724798902827790697482208879638285666712884211976762142892974090142150475161536858898953792394754099605049737648970815889285143226721633369448057977488691,0.8173006136983349989165131740123811499256577100211536695543036927223533475152288261999716276476315342886630673896077324537830156878053188510449325153868074137732572064145840548912233608288993676854668745529857533992326428835359228180968457646032555328897961859016774672758604983864369705068280043074140108774210581170117423164988871558188096034938220226985402180275267365245771417360034921741999089199,0.8265473419070595277595204788972373991702014826708973688996494848457882990593605970091866572138149142745612346157356553571789010881789397750260218724180385653499846072501221515811862204189275424508067085009447946895550355697938639728690187184521446455146213551000445820578930275238584551198299052101455787750973451742443510017175463215980949854398103938573540533328517803820202057584905080194568880895,0.8218504658471293230291463006903971471413218783629740038372244531095943391380263379226808442326529383727270829046242238375037056992751042030630310503335132969544267716579740505974790928697095270972953771622870897727736593968199186702675929899521459502947692745935972658515471632462873656383597023979246263166424725021012031573007744575987146881145309738432197228139891484736400065526103149998181819595
