{
	"observacoes": 30,
	"u": [
		[
			0.18419735443203375, 0.30363662038659633, 0.3581781697409268,
			0.2583650074058929, 0.729071437227481, 0.5924698845430536,
			0.7606665191324798, 0.3733732470419322, 0.27229666811228115,
			0.6024513982360952, 0.9806083524759496, 0.7347455337806597,
			0.6389589144898253, 0.5451598648145219, 0.3327343467499632,
			0.380835394012763, 0.42992713428401114, 0.4389462745614073,
			0.7298752771472878, 0.5442357967545954, 0.522977518618383,
			0.7247933277523887, 0.9904550080498993, 0.42313727258537365,
			0.6238754347373643, 0.8293456273830746, 0.41317134406613915,
			0.6135007358737117, 0.916567670117815, 0.15564874194038228
		],
		[
			0.8158026455679662, 0.6963633796134037, 0.6418218302590732,
			0.741634992594107, 0.2709285627725189, 0.4075301154569465,
			0.2393334808675202, 0.6266267529580678, 0.7277033318877189,
			0.3975486017639048, 0.019391647524050436, 0.26525446621934035,
			0.3610410855101747, 0.45484013518547806, 0.6672656532500368,
			0.6191646059872371, 0.5700728657159888, 0.5610537254385927,
			0.27012472285271216, 0.45576420324540456, 0.477022481381617,
			0.27520667224761136, 0.00954499195010075, 0.5768627274146263,
			0.3761245652626357, 0.17065437261692537, 0.5868286559338608,
			0.3864992641262883, 0.08343232988218495, 0.8443512580596177
		]
	]
}
