{
	"observacoes": 30,
	"u": [
		[
			0.734280338129446, 0.6228207175082139, 0.2865931979621113,
			0.5905182445314949, 0.655598601491713, 0.4788622998693586,
			0.41750246039294914, 0.5626492861974437, 0.5195698255161141,
			0.1906974375977941, 0.7339381345335945, 0.7389155207683977,
			0.6320294404892804, 0.7117434125186097, 0.5775930917246543,
			0.6737620831028414, 0.48193262245771673, 0.7460053201924188,
			0.2559138498537141, 0.4329769755616915, 0.907401475790051,
			0.6519866576699604, 0.4623043451641082, 0.98078142945702,
			0.014132336439310235, 0.7569415511898774, 0.33111158901636567,
			0.47455306168218647, 0.4228567140391024, 0.446407769831882
		],
		[
			0.26571966187055396, 0.37717928249178617, 0.7134068020378888,
			0.40948175546850507, 0.3444013985082869, 0.5211377001306414,
			0.5824975396070509, 0.43735071380255647, 0.48043017448388603,
			0.8093025624022059, 0.2660618654664055, 0.2610844792316022,
			0.3679705595107196, 0.2882565874813902, 0.42240690827534566,
			0.3262379168971587, 0.5180673775422833, 0.2539946798075811,
			0.7440861501462859, 0.5670230244383084, 0.09259852420994899,
			0.34801334233003955, 0.5376956548358918, 0.019218570542980026,
			0.9858676635606898, 0.2430584488101225, 0.6688884109836342,
			0.5254469383178135, 0.5771432859608976, 0.553592230168118
		]
	]
}
