{"observacoes": 30, "u": [[0.2900793835038849, 0.34320060016239323, 0.46613939892603, 0.06796972524902241, 0.5277109553241452, 0.3363551501626218, 0.28446944230417603, 0.45101246222332647, 0.4292004616492293, 0.5701438389884502, 0.4314455618198417, 0.7114619964227038, 0.18259540275806777, 0.9109918695129757, 0.6943982382843442, 0.6865720973885093, 0.5020405481800103, 0.08996934341404923, 0.6577540322562901, 0.4738206311231929, 0.774056800555323, 0.42694708362005585, 0.3490226126314975, 0.3616622748071251, 0.48460313038721514, 0.5018960408312677, 0.07682136377653616, 0.16029252584456696, 0.5664517460510754, 0.3371115814241897], [0.7099206164961152, 0.6567993998376067, 0.5338606010739699, 0.9320302747509775, 0.4722890446758547, 0.6636448498373781, 0.715530557695824, 0.5489875377766736, 0.5707995383507708, 0.4298561610115499, 0.5685544381801582, 0.2885380035772962, 0.8174045972419323, 0.08900813048702437, 0.30560176171565584, 0.3134279026114907, 0.49795945181998963, 0.9100306565859507, 0.34224596774370986, 0.526179368876807, 0.2259431994446771, 0.573052916379944, 0.6509773873685026, 0.6383377251928748, 0.515396869612785, 0.4981039591687324, 0.9231786362234639, 0.839707474155433, 0.4335482539489246, 0.6628884185758104]]}