{"dimensao": 8, "observacoes": 10, "base": [[0.08746647008361186, 0.7940530115443448, 0.3311329369376541, 0.26890226007890694, 0.4551800763414331, 0.14599318441645437, 0.7085047976341333, 0.16156445100580297], [0.5502615870954797, 0.7542892083878343, 0.3208515777406926, 0.8086516543212837, 0.7977320647673365, 0.2043749054983688, 0.1418303761277484, 0.12144889224648159], [0.6496393840261934, 0.8581410151329332, 0.4503168464527336, 0.6825220718301624, 0.15427154601540993, 0.9165119549362217, 0.7141468487187131, 0.09853171623669632], [0.3034622577218913, 0.7787134561350951, 0.7150249315865597, 0.48567107120409314, 0.4543946869811022, 0.2733607116534834, 0.880216521744196, 0.43725805991112865], [0.596635773652007, 0.5898525229019027, 0.14872942313937, 0.24612708773231817, 0.45291794451545353, 0.49886205027396446, 0.22327698768640847, 0.9609252885618661], [0.37945135142741904, 0.5038533936886793, 0.8496355306114788, 0.6106066291222656, 0.9119556230053198, 0.814616466970564, 0.42502688116469867, 0.08930607573964755], [0.45398507624142126, 0.7424789805433105, 0.1860274379380873, 0.07536366651550397, 0.9222848455784197, 0.32925093192036603, 0.12239968173195903, 0.318865850758299], [0.6066747825902222, 0.5043732762267183, 0.4970910660618698, 0.1398069704048358, 0.25509291593387584, 0.31812063634701815, 0.24495813285678314, 0.17655764044893463], [0.5358033635277145, 0.03728256127490992, 0.515455088304358, 0.6766963138066133, 0.14120971455375786, 0.13729371144602964, 0.15953405470362048, 0.3796855710752651], [0.991841289761106, 0.14768181327071683, 0.2429965236977123, 0.3286465962417643, 0.7583951579488115, 0.17120943407720357, 0.010600322873902557, 0.24874652834264055]]}