{"dimensao": 8, "observacoes": 10, "base": [[0.2733322533685719, 0.7756695541582367, 0.7144106434941326, 0.20076094423205915, 0.6770072881615948, 0.3628838456116983, 0.017968772136944255, 0.3091670574844573], [0.08303732470429082, 0.33611430010030685, 0.7672453368050753, 0.7763171808036292, 0.5543019903259078, 0.41609725719764346, 0.844156450779266, 0.03665185816721328], [0.4069871555759895, 0.881163284289035, 0.9795352557225943, 0.6575129079379549, 0.10905175112950116, 0.03923985694730636, 0.30498203171378047, 0.14858696925374382], [0.5604368487096985, 0.3704432559937416, 0.8865564589095709, 0.5423145620420298, 0.08817876764082966, 0.9208992524786846, 0.3713113623348768, 0.9598484873076438], [0.30959169218442706, 0.2634181643602824, 0.683599379688734, 0.9280097336267636, 0.22631698540347567, 0.5921805257827596, 0.974745504987498, 0.6517248842669928], [0.3716262422304508, 0.28401712370934695, 0.010050531154399356, 0.5084880593896061, 0.37939343170621453, 0.3701583836667416, 0.155928583789815, 0.1422178547132379], [0.5051800796496622, 0.11773225991713487, 0.4045849104858208, 0.9908204171338999, 0.5184729960440287, 0.24503138702804317, 0.38532777365971993, 0.11496563763765932], [0.8024326286330326, 0.0709000722562102, 0.9093067991634302, 0.10259910989320098, 0.6879287385750433, 0.420127155186797, 0.9676453530673815, 0.2234903528910842], [0.24382185898841213, 0.9880909868622229, 0.604893776561251, 0.7854881775420262, 0.7772539996249266, 0.2422319785029058, 0.9590896139045021, 0.7134001870668218], [0.2616613117422042, 0.7481833462890026, 0.456900143337407, 0.5758673048032397, 0.39551820238398316, 0.859388423925967, 0.3958977064121959, 0.25755147225223174]]}