{"dimensao": 8, "observacoes": 10, "base": [[0.7069333698479346, 0.03876472003408982, 0.4704148035544986, 0.31251262172921646, 0.31825783191910095, 0.9224601838503612, 0.7510330001416753, 0.9649392823942919], [0.8252157521961329, 0.16889262466612343, 0.031422209615080465, 0.6075072934722836, 0.17271654237672907, 0.7901611730771453, 0.17506921566611044, 0.24611778695200948], [0.2314637346757047, 0.5517672610776735, 0.09307859585495182, 0.03132678353412377, 0.3240400782687084, 0.4476092133789379, 0.4877419235076774, 0.6163349281165473], [0.09766847630566444, 0.48341632378978905, 0.4801681323481275, 0.05190073075596524, 0.7387491038100613, 0.8486579036321494, 0.776029089771671, 0.405283794196735], [0.36134450616346814, 0.028150885169108464, 0.7670585880171006, 0.0683163435235924, 0.9511349114574212, 0.6367202592549671, 0.17565142232215913, 0.07060886959009094], [0.08721797159582434, 0.9350582369497161, 0.30218308413065076, 0.793004714347333, 0.7496607736085881, 0.6829707632470827, 0.4113475139711178, 0.5509717051838379], [0.31951621484749937, 0.505058667043428, 0.6789590928818916, 0.3363783038979147, 0.12646172002839462, 0.45234706223972776, 0.39890366534742705, 0.9773775806158312], [0.5705491179262893, 0.6812170583352235, 0.192217169693493, 0.481045788488875, 0.7648472239116584, 0.0456763098586217, 0.13717182310366416, 0.3768074826865243], [0.09248039537908559, 0.06951258838135288, 0.5227053766662018, 0.12294717875323291, 0.7293838711128985, 0.08911772340883373, 0.5263511963358803, 0.16636427211704907], [0.4080331401537777, 0.17337976144431, 0.1334851177631351, 0.7540791905218552, 0.5398849550525362, 0.4376868041677082, 0.31548854509852653, 0.7155380196834232]]}