{"dimensao": 16, "observacoes": 10, "base": [[0.8100664710728632, 0.6969921932096654, 0.5380103088437928, 0.49548025516358785, 0.5676008134403925, 0.43897894742271437, 0.8899775153466513, 0.5087381205185683, 0.5268922416681654, 0.5156253442629365, 0.6728688924927043, 0.20841886351235717, 0.26410685955612556, 0.41496189150618146, 0.9231155301998412, 0.14134081267070153], [0.6724988945245283, 0.8625812871501906, 0.5182459576915905, 0.33294626004963324, 0.6139965707410968, 0.3268843919058444, 0.9441577673891889, 0.417428962662425, 0.21429189375704816, 0.8506247630907013, 0.40377782283058505, 0.8103698588945478, 0.11877459447319971, 0.1941205323750278, 0.3700910865977306, 0.11065451330854648], [0.17506624306477925, 0.6917774816476033, 0.4356173665629254, 0.5236107175671197, 0.03290488786825785, 0.32822254589107647, 0.7405814931799332, 0.09292519120049425, 0.5965975759211938, 0.1352815600573436, 0.2449318960889706, 0.8739407001819489, 0.8110985931554163, 0.5500199805619909, 0.2271797967706103, 0.49866342751507664], [0.7688558747059449, 0.8324143442940706, 0.2688735517788997, 0.6421252982857765, 0.6277685478742552, 0.8904972408662347, 0.5400249385486559, 0.15926740006439155, 0.2394704759271541, 0.867492755945443, 0.7714891466824709, 0.7536435561757193, 0.5179858271565916, 0.6907937430232539, 0.580384060685642, 0.7545601128800342], [0.17538631819684158, 0.9968192350514254, 0.45173378631725136, 0.7828916608038681, 0.8245487995320103, 0.38463672837525853, 0.650368705104969, 0.6873390534887904, 0.02666455358456321, 0.000956383749362244, 0.7409856541581975, 0.32853530209985926, 0.6612313337748117, 0.04748236538970063, 0.9915221808685374, 0.14549952706153302], [0.26404175307188016, 0.3944015654534416, 0.6306836552999013, 0.35346426707648193, 0.8321094455086037, 0.47296820545209384, 0.5320481480484468, 0.13508898420862558, 0.7198175344655134, 0.5714934903715928, 0.11911583873126175, 0.2348187760422238, 0.33968807279400215, 0.8252355219891159, 0.7523041862320113, 0.05647663037251749], [0.05617810984643945, 0.3063145612339655, 0.24298356412453648, 0.6585494255426642, 0.4715193195123648, 0.7101409297780705, 0.13987869217685345, 0.33010076496873775, 0.6254107473414566, 0.8457043590741311, 0.7189283580531293, 0.6022188324461462, 0.7206471997664456, 0.36496692019522803, 0.8041177787839137, 0.2366883242540887], [0.4027348324641812, 0.28422241370119794, 0.27425340582037305, 0.7817210791810766, 0.8174539128205383, 0.3557427259305589, 0.46086515756872426, 0.8505362756319444, 0.9750177005115117, 0.05006128357407802, 0.14297751490556254, 0.06017160679734723, 0.8711543438543004, 0.5885556113614817, 0.7035569552661229, 0.9255832987919034], [0.5871830122337618, 0.5293786659946084, 0.4488826286657924, 0.6013612567972462, 0.8414275215141416, 0.4168974870730171, 0.7042098277047815, 0.8922449268204596, 0.26802815007878245, 0.2059845630110848, 0.006259856477749404, 0.6070049696777506, 0.964344944828131, 0.4081843673143314, 0.6238755174357282, 0.8077650298175889], [0.9689105629914327, 0.003688159825497861, 0.4488752791073325, 0.4237286961854385, 0.5471594922117373, 0.5364166870102871, 0.6305968175680688, 0.46952572635617584, 0.655635608572294, 0.2903720811982724, 0.9477389021157152, 0.34663197690894243, 0.6408543716663831, 0.6411879893341907, 0.42965690640270005, 0.6354077457545629]]}