{"dimensao": 16, "observacoes": 10, "base": [[0.8398071214894108, 0.6715260795587047, 0.15697573743285131, 0.49301615445925207, 0.22403583046652187, 0.8729428568977671, 0.1808036509393629, 0.6784518596117486, 0.0931335724901945, 0.7254064577872386, 0.9348003738411212, 0.23474814178718573, 0.5132308267667026, 0.5651498664307372, 0.8377168178474619, 0.6627652125546083], [0.7392409688752857, 0.8041776736411134, 0.054439631169613145, 0.43078268093901073, 0.2945011880980426, 0.43314920187045103, 0.053243108884659884, 0.8055956172535826, 0.6588411668832722, 0.049701550433767894, 0.3615276164193798, 0.24269940574487658, 0.22603583912608816, 0.5257860112804816, 0.31864266375723005, 0.8361193811823187], [0.0032945188783294332, 0.30359794917190763, 0.29445403263479863, 0.7550026733214107, 0.6988774334032182, 0.7926208681717885, 0.8595568435653259, 0.14045987867491994, 0.01815223779052677, 0.13752768901813062, 0.002056174825598389, 0.6424984863882112, 0.9800241550053038, 0.8255705592383784, 0.030529009153824394, 0.9605409153908385], [0.5108799835403406, 0.19823627289146128, 0.6902097043290515, 0.49348321974751597, 0.819866751582608, 0.9807831781745143, 0.19952670448113985, 0.002087625007191618, 0.043455973452050545, 0.38522448460990977, 0.27862172013326303, 0.43073054374618913, 0.123560250626917, 0.061516571052425695, 0.3680015810274233, 0.025816714457113532], [0.7632848206843456, 0.5392541383463103, 0.07857839830235458, 0.45226705113207355, 0.14721096605235007, 0.023912391566020208, 0.38164543398742967, 0.9683897238982361, 0.8128712137951337, 0.45827469533664145, 0.6049519114196342, 0.8772478424917302, 0.6648978997320865, 0.8952206848370631, 0.2553999252468705, 0.313597207528021], [0.8997304508033649, 0.5258061135925485, 0.5431337937116106, 0.027769534145451025, 0.654543978386463, 0.9693934334885095, 0.14254306692069807, 0.10980273742047164, 0.6945120915447089, 0.7526004560476885, 0.23881526892024108, 0.34698977249229357, 0.3485422687089528, 0.9539852778314546, 0.4015312304062667, 0.5270566591023478], [0.033154479900506684, 0.9354662055315837, 0.3599748645245112, 0.6675627684727945, 0.9088813409741657, 0.622417228526134, 0.2670907526039983, 0.5264316484378656, 0.9162826656524872, 0.7301470678112547, 0.19308593332415636, 0.7812838484173025, 0.10249310024087122, 0.8786381956629827, 0.196628273512521, 0.8740263995333294], [0.32073395185817877, 0.918834961241587, 0.8614773375782978, 0.8155171072669217, 0.24933418709269672, 0.4063404680959398, 0.06989821221969983, 0.9426071587235181, 0.10705601879567261, 0.43980815012407426, 0.05750346811789819, 0.8029588700332219, 0.38143085924883, 0.5696991144640065, 0.29434839422663317, 0.7474711012608951], [0.19485131471881934, 0.5548624414427997, 0.9021686011209746, 0.27229764899295883, 0.10265672234138401, 0.8644135751550704, 0.5862734201560696, 0.03852443801589933, 0.23529930855797376, 0.07880638697872322, 0.1133371324799276, 0.871282816789344, 0.1527539978811001, 0.2328564334583334, 0.00215779233752178, 0.9776233381107107], [0.0015671849159994977, 0.3140525197439563, 0.5617267890770685, 0.4202010811695337, 0.46857471363453596, 0.31227684794758204, 0.9023269236776013, 0.15348069673116793, 0.65234782194511, 0.5047844089933303, 0.24344789498549657, 0.43834897244979754, 0.6823411202376101, 0.2820518078460398, 0.32887944277877046, 0.8270397603629416]]}