{"dimensao": 16, "observacoes": 10, "base": [[0.5590036338443574, 0.8296340856385999, 0.9046873315361288, 0.4511297209445172, 0.19130152175445125, 0.9178483559976934, 0.16092844291994568, 0.1767819787892464, 0.0465912352249257, 0.6641386410676184, 0.12209089796093175, 0.14604556382480294, 0.07662059252912456, 0.7819119620023064, 0.2071803503602222, 0.6702874614618142], [0.5207807512684886, 0.5431253458119909, 0.7520479431892062, 0.3740304098421122, 0.04978044815439653, 0.6738575720946295, 0.5117612473037597, 0.28321265276925967, 0.7705518275626996, 0.6076486717626208, 0.41378226481754243, 0.2710207098955264, 0.5835087644047828, 0.48628768129306654, 0.4809999986890171, 0.9165474649215183], [0.8071123925134804, 0.586643137535202, 0.2393237052218875, 0.38578503506747786, 0.878515249487996, 0.3838071394589838, 0.04836256744847123, 0.710563877896472, 0.7899258039638353, 0.1890407571503271, 0.6447656932108724, 0.05136749811042418, 0.36725966871285975, 0.5721031351465119, 0.13946491391269522, 0.7951317071359797], [0.7609952866789068, 0.2298705014105108, 0.7033761887298746, 0.5453193429169282, 0.6618539696571363, 0.6598861323045779, 0.8919159031710674, 0.5191363916276928, 0.9911404210860123, 0.20461621504603145, 0.7108696432231004, 0.7359964597592312, 0.31893790987453696, 0.6338281667557272, 0.12114138860425172, 0.6567529236250664], [0.49952473453903246, 0.9129924778107368, 0.872648612316684, 0.3019433710822965, 0.5220281406263216, 0.48314431431930305, 0.869327162836511, 0.46589656800645385, 0.8558535637015544, 0.7507867213390554, 0.09761720029853493, 0.09678040941495147, 0.33027129640746333, 0.24936817245172216, 0.7889993743762939, 0.865130710032797], [0.3067083984149006, 0.8580119553889489, 0.6060112741756315, 0.3726744522587546, 0.2012928365563741, 0.5183737042324222, 0.5859023156129562, 0.7777227928885294, 0.9501353583739629, 0.3846290145118294, 0.588846273985191, 0.23499566433297947, 0.5697902189330482, 0.5212041914108788, 0.33954991582559935, 0.8245567955882519], [0.414712519141999, 0.17691244315668808, 0.5866600681743653, 0.5424556700678167, 0.8019825304301103, 0.6841938384526688, 0.30288676176328055, 0.2988925492455692, 0.27388316330244655, 0.042383832576167624, 0.903927875921399, 0.9121553502171026, 0.06541158972690142, 0.5849121172662822, 0.5687576221869445, 0.08579026544459234], [0.06235057547179901, 0.3488168025881928, 0.27597091011898944, 0.6272088781046046, 0.06275315929646086, 0.08207745481101658, 0.9893725444448944, 0.14482563445199603, 0.8708318458784206, 0.042112392426564726, 0.381610808653315, 0.9131197838961536, 0.2252620763143317, 0.32754201133006156, 0.13250816328488935, 0.42567080405775815], [0.7084317753937891, 0.506088685711628, 0.2576203530657831, 0.5854618838314448, 0.5828059492178878, 0.7591374018940659, 0.396165539098274, 0.6541116182142904, 0.7227094559662226, 0.421566850004627, 0.02420781594485255, 0.16857111001593894, 0.5993847807121586, 0.15805418567245422, 0.08159800588027821, 0.8360558718890058], [0.7367158807604994, 0.1718483583755983, 0.7734378844477868, 0.9580433613215397, 0.2774846602975697, 0.9956096463274565, 0.3859649678671717, 0.12167442663941841, 0.19866149380749942, 0.5321378109324268, 0.37568302359969263, 0.15168683225011992, 0.04640661893552567, 0.15365950161224373, 0.9845992178078135, 0.1321689802921443]]}