{"dimensao": 4, "observacoes": 100, "base": [[0.07546117095548799, 0.6706170510354684, 0.1609102316884079, 0.6537504768723986], [0.7569016003172659, 0.6578182684204588, 0.7155693928884047, 0.059694088684727475], [0.4711914703101445, 0.3318121302752163, 0.6287049462358851, 0.826282143840526], [0.5580995767156861, 0.6282877615939201, 0.1396604685552476, 0.4704372142949873], [0.6635313581412178, 0.3886086541068885, 0.49065964634275927, 0.9722693583518119], [0.9086287661907737, 0.10225910300897811, 0.9259653392568507, 0.5360112181790265], [0.9981095729592021, 0.253882232352712, 0.586257002351287, 0.9439490695894793], [0.9245467508625216, 0.17505197961803443, 0.5247243493479751, 0.4532489480395602], [0.03584592311942614, 0.5834927282817977, 0.014459098970053041, 0.9315237535547021], [0.744443104728135, 0.46818558096122365, 0.7725077946891002, 0.433642537218615], [0.8459337621851378, 0.8754070542150505, 0.3047277102190087, 0.3269817075243937], [0.9783994635223786, 0.9434354099783566, 0.014222872001261488, 0.28369554656125084], [0.1425980202642333, 0.5233457260128875, 0.27444649712137903, 0.15512982683057397], [0.10464167234836586, 0.23437926113556995, 0.24999476129093257, 0.04814600730541474], [0.9622838955023764, 0.13684489358290852, 0.3159292116902723, 0.9724424197269512], [0.39301072590947583, 0.17864227591881765, 0.9955858633459663, 0.3136253624249967], [0.26412830952890143, 0.24883886451662374, 0.6746003447026074, 0.676763798408187], [0.7678612062252749, 0.425305698417646, 0.5015637308616411, 0.6499913576355733], [0.6341994273695152, 0.1365184308091888, 0.791808284712752, 0.3178708538699254], [0.4025423450355935, 0.8207094822160843, 0.048547263685226216, 0.8033930845505874], [0.632509027478643, 0.7931757744131287, 0.6916795150398941, 0.5752887691277206], [0.11925232029398469, 0.9009211612049832, 0.43768852227550614, 0.33655850996562475], [0.8821986163237621, 0.4639778108066226, 0.7294438575799249, 0.38608322550158847], [0.11147478134565314, 0.982973108524264, 0.735222894931472, 0.27238792748424834], [0.02978113155883566, 0.7228669315147197, 0.2299067053591819, 0.03473028004209766], [0.13099352327933866, 0.25769007256850607, 0.7966567075730772, 0.8492161057908327], [0.43722579273175544, 0.4767298401543203, 0.4720673218124113, 0.601422905187275], [0.2632090272669123, 0.37207049334865994, 0.728756567369668, 0.9738516816411219], [0.7626476080639418, 0.7081103996818094, 0.15756432950447263, 0.9537527435457852], [0.5723254000218841, 0.41367927445269503, 0.3280537392374444, 0.5551950439148288], [0.6553135450158938, 0.9798754456956997, 0.0900133620884328, 0.85786743572092], [0.9071383166319396, 0.6887008985632844, 0.9306773254395977, 0.39774229003675876], [0.8004833453884865, 0.48814166532215764, 0.46179305229819123, 0.474261475872341], [0.9865203069356214, 0.7057586136613967, 0.6010787595316807, 0.7226885209114274], [0.4140394969909327, 0.4983216068751468, 0.44139341775874996, 0.7684645214970826], [0.6241142183437673, 0.0855685918096033, 0.39533619066894576, 0.6619408155777929], [0.3466094310531854, 0.7702377748784492, 0.3406506012193943, 0.4956194962326921], [0.7788147749604267, 0.786533195976504, 0.9665058282072901, 0.3683503102824839], [0.9779519658051088, 0.5040160507372012, 0.6388904447154818, 0.37601573741646765], [0.5691212443612615, 0.11289357812647083, 0.40522829786096937, 0.37700908970836566], [0.9734081831798815, 0.36691799878512954, 0.05405534308631488, 0.41813131120517866], [0.5662411969610389, 0.5494136988299736, 0.08271298711751263, 0.7744642438439573], [0.07429105987510332, 0.20230917541344118, 0.23526383655054972, 0.9309038149013379], [0.11136171541106676, 0.5769032193532494, 0.003882455703130838, 0.650370843444804], [0.48902267136130884, 0.2468116166703701, 0.7582643197213528, 0.351005065705181], [0.8911395379188926, 0.6557030018227734, 0.05566313511810217, 0.8656794764859562], [0.45198741915846785, 0.07879653714778068, 0.5772317742344178, 0.9267163270703057], [0.6321121608917314, 0.8933788846641046, 0.992235699787587, 0.009271843524515044], [0.08701622766895722, 0.9024326377764496, 0.9672096921024093, 0.9154126650368921], [0.6755098666218682, 0.9050280799413574, 0.13524499078919183, 0.5376028599731922], [0.32499488084877837, 0.27912776928999916, 0.7640327088103428, 0.7952088710649325], [0.9190847575899198, 0.0614499539422072, 0.49295033044388603, 0.3842017576583945], [0.5396921987844808, 0.4911982138035349, 0.20567214763152053, 0.609143679533574], [0.6664243588965271, 0.934470588201233, 0.8130894919543407, 0.05879750230997027], [0.14281135184352856, 0.42171057709797943, 0.6136690172214652, 0.8813392402161514], [0.5369019400437074, 0.4090172045656769, 0.5042854089342853, 0.7075931755220193], [0.0274931467194931, 0.9553405306619261, 0.7461715501909516, 0.1785884638426085], [0.9038873951416702, 0.18139645655610026, 0.989435884858091, 0.7711220928868265], [0.09678825118907208, 0.20260654559141855, 0.6183758104842874, 0.38797866589727137], [0.7707523193503115, 0.9402083212137572, 0.07220124568866759, 0.3368658618175947], [0.7794180006943437, 0.08443146862094342, 0.7101111756504198, 0.6169624540610957], [0.28697240689861203, 0.4882262031307927, 0.45310044414980366, 0.724082044873854], [0.28412378594644494, 0.849775026944882, 0.0842342883915409, 0.3632192239400087], [0.15625955351823262, 0.7934804483351214, 0.5013554184713878, 0.23781141850145837], [0.17377437526363526, 0.1997547502148952, 0.203054983712455, 0.050571837633601624], [0.7869941561174861, 0.6231932778254565, 0.5732342096715098, 0.42789043526688675], [0.48279297653083597, 0.08493017892290178, 0.5862974759106986, 0.6244787614037656], [0.2525700830604337, 0.7842641247596804, 0.07151236143128203, 0.061386855554132036], [0.3118675196167847, 0.13304898392282882, 0.08212468542271312, 0.6446887488949307], [0.9990663014898519, 0.06989724627068594, 0.6428104251116078, 0.635063901241154], [0.10332538853007411, 0.1606053967748865, 0.37442717636797174, 0.8979209029010793], [0.8607514962300084, 0.3393174987944191, 0.19621645119420494, 0.4159888804903953], [0.46858630632698084, 0.33361696612801517, 0.14486178841780173, 0.5979844442954613], [0.5223243149465124, 0.2903454771721238, 0.4043402123393418, 0.5985791250072896], [0.4693943557357654, 0.6652194513049577, 0.9730214527406168, 0.4274292336081127], [0.6287368586185037, 0.7357637038523095, 0.6363472397554016, 0.8778373425647704], [0.5511322494891496, 0.31509934748045776, 0.2074945168459006, 0.2797215976975368], [0.13531583354367827, 0.5038338819567294, 0.7825871836946948, 0.39669108542569564], [0.30826355016778384, 0.8173848084744174, 0.136343875856902, 0.5265626575888315], [0.7065506626550434, 0.49421762495709076, 0.3371145006345998, 0.16728720213121362], [0.14486499407529962, 0.3118454485113602, 0.2546231981847088, 0.5119108914238728], [0.33870988862922946, 0.5068669412373913, 0.11837211375024947, 0.4378149559350595], [0.4863484758103095, 0.038525299277232694, 0.46719468093649585, 0.19249387898967796], [0.8235060016604138, 0.8125251431045865, 0.7062412492509843, 0.3927024666957387], [0.030108464235670485, 0.48685106482218743, 0.22284307600266695, 0.2508316429365147], [0.12319456974595899, 0.8260829713260456, 0.46024687833976585, 0.7260319550212626], [0.30573972718456144, 0.9648664644013808, 0.3950685685149009, 0.12559748769366286], [0.8789698465695969, 0.4288697710578233, 0.07507289366346359, 0.6429213330503445], [0.45394769358022624, 0.7899394516256937, 0.3686302882139415, 0.43440908697698055], [0.018749035853962925, 0.4389911730053634, 0.962202022750374, 0.4806777846284167], [0.1514194010017359, 0.14211518583972427, 0.7875298214426233, 0.23014842204459451], [0.03413937680820733, 0.3067435577251326, 0.3030410996236097, 0.3931518949750361], [0.8579396639139363, 0.14034415044747806, 0.23394731397563828, 0.21700378896650852], [0.9512628601554571, 0.28790293519741395, 0.47375678340172667, 0.05438324049045251], [0.4543231493592508, 0.48330523020069116, 0.9947578773327934, 0.13057599050918467], [0.041030748397835826, 0.4992251109091812, 