{"dimensao": 4, "observacoes": 100, "base": [[0.21283407754351968, 0.7750816572606112, 0.26751685254804036, 0.6773403612762231], [0.40243626048622594, 0.8024398075590383, 0.4710918030204305, 0.42212209172554105], [0.6092806609795759, 0.14367669971335006, 0.9392778471051078, 0.16047100311373685], [0.16320794035207176, 0.006597433376820616, 0.4279229993182949, 0.5278753953846733], [0.02949253282562103, 0.8862495084479065, 0.49490062693914105, 0.3380144916927169], [0.691668460117241, 0.8649170362376516, 0.10727003836783067, 0.8694372986532972], [0.034507140156086025, 0.04235869387181124, 0.46853176164642396, 0.4258544637455701], [0.9402992514318057, 0.3499324571918375, 0.7714371289505296, 0.06092136350923161], [0.47928986362083836, 0.9880217433284768, 0.3514870851049877, 0.8557940908553322], [0.4820044854681429, 0.36848578151520583, 0.03713682168880672, 0.45974407587731037], [0.11063727989963701, 0.5634631214440015, 0.23804030408744037, 0.5129714007057049], [0.6431522144158491, 0.9202792160678469, 0.5721123633828705, 0.19548261955817547], [0.6179069196010412, 0.8008972697231665, 0.9124629319114822, 0.5236100998323475], [0.5792870759886689, 0.1204461115085641, 0.08121198649733374, 0.40583786424184454], [0.885534242776209, 0.685886721361615, 0.12405327396149723, 0.9819152690651011], [0.8033239576386784, 0.5687994796712103, 0.9266701490769468, 0.10660200683341547], [0.8046414569338056, 0.3416414049449157, 0.6137584829382318, 0.8554099590840841], [0.2825039810489035, 0.906773676947121, 0.9353387606949167, 0.42116857704501565], [0.33643491838564843, 0.24114126256210489, 0.04553480768723717, 0.00654148110377184], [0.019069410517410623, 0.3781398243610846, 0.5729547040857587, 0.7995390628821246], [0.6274484969670805, 0.6865872785166336, 0.967004532715085, 0.8199130168788444], [0.9676440966388878, 0.6710055118694432, 0.7623831660824557, 0.7264654691909309], [0.7368665541143962, 0.5067746061670326, 0.24940990989808054, 0.21462490945129398], [0.32576522433922706, 0.7189300340449826, 0.43348977126446975, 0.9752607276617535], [0.17059854347765213, 0.30119786987579433, 0.4894060325283921, 0.8807643615194353], [0.6763040592283623, 0.3276704602900692, 0.5033178448331107, 0.4128200282571254], [0.8470923313150186, 0.5642980447473646, 0.9467634185646144, 0.9357320193225646], [0.10510217862860494, 0.6952874421407431, 0.08395233885280584, 0.8364269654165882], [0.05265774661720801, 0.35252150564678797, 0.029272510154051745, 0.7589286773544676], [0.3212506134028993, 0.7219904823127626, 0.16037307924358124, 0.4941669961554339], [0.040299841832636796, 0.5882597711325307, 0.30756649791306057, 0.11270507329395119], [0.5857417786044191, 0.3850125846453565, 0.3259737867305508, 0.23021216404497102], [0.2536467313028584, 0.5815852447027888, 0.18788839451526007, 0.7869920087403108], [0.9341405658503411, 0.8474905790128157, 0.8428377326755845, 0.04541315023983916], [0.2434866502492964, 0.48982353186237515, 0.4262819452108928, 0.9384847320838903], [0.22496988650937255, 0.8582181095611772, 0.6998301768785475, 0.06070609841699015], [0.14913575273540836, 0.141737531003143, 0.8009376973656568, 0.8363166717928618], [0.360887010475074, 0.45331385753029907, 0.9081192826481201, 0.9211560026823788], [0.9884137037110526, 0.24017101227620108, 0.5533522155998536, 0.543686074121584], [0.6833825020579811, 0.720279568846074, 0.7540713455379019, 0.8185327360453462], [0.3042863017971198, 0.17451812300365288, 0.7044285589009488, 0.4916821791646765], [0.993994658366648, 0.3611075474069779, 0.9807981739623266, 0.14391711699924636], [0.9267468666029312, 0.6385921958683739, 0.10739353338496482, 0.013347831842788205], [0.6416793031177637, 0.256608231599631, 0.6803808777734215, 0.7743014237620989], [0.13940766709565422, 0.06579162225118951, 0.17120094857844992, 0.7482473862942917], [0.8597077414888403, 0.38133805582331537, 0.03812362056554519, 0.34635197014446517], [0.2638723916714478, 0.8966672137200229, 0.4989736792009192, 0.8427206133098863], [0.9701332668165242, 0.13542006661129047, 0.5529895796016635, 0.5085832262461872], [0.8367399593189836, 0.8236471572337474, 0.16141192453807685, 0.6777525521347273], [0.4979981505202139, 0.7441811862793188, 0.7361197177997169, 0.04724292474379188], [0.21902770739173238, 0.7198986576086156, 0.36161621573115066, 0.7410189794918746], [0.3502832391505083, 0.5445735747677112, 0.7173776444726367, 0.9849479588703476], [0.07219169165079153, 0.47896082934030615, 0.5631819152700582, 0.30968843801284085], [0.5357082204874559, 0.7020145194651998, 0.24021409575898212, 0.2830344842540651], [0.7870056034704487, 0.2389042451425346, 0.09359557976496669, 0.09221741614572432], [0.8755663676826717, 0.6734665617899938, 0.9068717917443262, 0.8507503628742422], [0.35669959689461606, 0.7386355047418927, 0.4642874324065924, 0.5389409785185154], [0.7489635314427532, 0.5241698465010453, 0.8929516636872221, 0.3829895825949746], [0.4460685548095077, 0.38577978875815366, 0.4922532714487081, 0.41032941815908597], [0.642611343028969, 0.18674495385831225, 0.36350051201050015, 0.5961700198156087], [0.416996072207933, 0.17708354404114168, 0.5558933390718985, 0.28488740850472893], [0.2069133841090156, 0.7914513782258749, 0.7123836103109609, 0.4874146508814883], [0.2431796176566945, 0.9910047646490565, 0.9594251375727532, 0.23076176049569475], [0.16024290656278706, 0.8518954157442841, 0.8266641500348374, 0.2438289458791184], [0.19118744961618805, 0.9365637871642409, 0.33172413888451513, 0.2647450875911651], [0.6745609209034156, 0.6642548604855095, 0.1995122937220013, 0.648197194617172], [0.8033254505813713, 0.4398554362339555, 0.27194619993649627, 0.7146841029435678], [0.5584072426290855, 0.17988164822101904, 0.2277540135152457, 0.7761086775096635], [0.45010047899693684, 0.9613522913205667, 0.06064056568911147, 0.17111116235985802], [0.5410565957403162, 0.764568297291479, 0.2150853183835093, 0.25334909026420904], [0.3059196347736667, 0.0980042201712128, 0.12101837046892516, 0.8159003069080336], [0.9476338587279708, 0.4982492515487703, 0.3028208795637708, 0.7284837209386131], [0.21773648017163694, 0.4165517322643526, 0.749331284779681, 0.16027159329973872], [0.9468299761413229, 0.5508988246727222, 0.35628240043304893, 0.5319100322422904], [0.31786501312444115, 0.5373504539448297, 0.4544122887604254, 0.5395407233842535], [0.9489392620140326, 0.6025768034042556, 0.2467808184550082, 0.43556409920836325], [0.18494737762484548, 0.41672898473314113, 0.7132415419500414, 0.45790122426683944], [0.9820361378398028, 0.9331185827936407, 0.35715246411138624, 0.5108344811445801], [0.35399312787807247, 0.6201608524331887, 0.6520126724069719, 0.4283054149597251], [0.5657903498499862, 0.6650995359856987, 0.8277487250466135, 0.48651018172506566], [0.5792498631046588, 0.6647636617462048, 0.39320828388983564, 0.7373193982989398], [0.8380957161669252, 0.8253658433661066, 0.6646795940528767, 0.318709484853379], [0.6148202812048461, 0.5579504571841056, 0.677155740351329, 0.5479558996697423], [0.9358202928106277, 0.6854833131001232, 0.7776902314882063, 0.20715017738229202], [0.4803709488481479, 0.24835369772860205, 0.8383456058536043, 0.9003160915888508], [0.8451258147320053, 0.4070878216493994, 0.7707241987270673, 0.41191532152022503], [0.8312151009021241, 0.6350547433271119, 0.5368613161802452, 0.3685986710509679], [0.9909452321816107, 0.2831195779592117, 0.9735472862868797, 0.996077476285347], [0.08596801615446115, 0.32468502932141563, 0.6773465163619874, 0.33205989729901253], [0.27789476223706444, 0.5292329819769689, 0.9391891945715558, 0.8126885964486505], [0.10245122311128585, 0.6871757374035637, 0.38914312836611253, 0.5358281328958324], [0.9816394699913434, 0.5980598760988318, 0.6412263671472287, 0.33725538473501826], [0.6162713658521016, 0.3080431234197032, 0.876208259242953, 0.8414249279138932], [0.5611926361133346, 0.5591557353827127, 0.026536740760711774, 0.10561067209388908], [0.26909007806079355, 0.560628252666345, 0.33452127016182454, 0.22644232178136492], [0.970287867351831, 0.04522055090770738, 