{"dimensao": 4, "observacoes": 100, "base": [[0.6361717052039714, 0.23733655550247978, 0.3550215991036576, 0.8530974478774973], [0.0370528672398599, 0.7580968455322818, 0.8712774731149262, 0.35479587143394853], [0.28204082963724975, 0.27514836841791035, 0.10636815011085243, 0.8005418265663939], [0.399515198189213, 0.16138727569048428, 0.6149862488972905, 0.3263930588491494], [0.6539848446417625, 0.5383645385776529, 0.35295178293005736, 0.6302493180201393], [0.33770203527411624, 0.15751058979156718, 0.15644232015777104, 0.3326210580451394], [0.16570964431854596, 0.7155751587681669, 0.5093888727082373, 0.9609851454187862], [0.08037457409618731, 0.7621240486551025, 0.6357518394293297, 0.19550644868163214], [0.3970572013794591, 0.839026603816864, 0.1447888397870083, 0.21666237087032592], [0.3478277394566158, 0.7958362577325175, 0.9132685528200557, 0.7200700469130547], [0.6888626363528132, 0.36471211281858573, 0.5903559488956529, 0.45068094496057975], [0.7386934127471833, 0.034146389234775865, 0.2613560275188024, 0.8917815728236679], [0.38921741162940215, 0.7872234534562446, 0.7182531037570431, 0.051600141058503635], [0.5511676333993818, 0.7685443858774357, 0.6773570572365586, 0.7535586774641065], [0.6187260794243832, 0.3060237338188466, 0.894822959437974, 0.21107702427206587], [0.24319905556509314, 0.743858814655606, 0.4950987160047704, 0.7401326743306794], [0.4136732681574189, 0.05782540722618057, 0.43322207396386514, 0.2910156672563542], [0.9644683161939906, 0.26755960129305123, 0.6313088216451339, 0.7422951628722884], [0.3264672265128459, 0.6663058775607167, 0.6240645360922981, 0.9997165512143584], [0.08443672490016685, 0.08785701366207221, 0.13081412286820582, 0.8419211181990653], [0.10598880718434334, 0.22981187679487314, 0.9467416384983379, 0.598789725489248], [0.885248689423283, 0.4189150662331266, 0.28234422013548477, 0.7208469330428489], [0.6031736525627766, 0.05115401736624792, 0.008292186373639154, 0.38102770437016065], [0.6627779482177945, 0.9869451816511026, 0.8158586401147203, 0.8005165201565255], [0.8123030575450814, 0.9761728289436634, 0.24315782304144218, 0.19081426611793972], [0.16353176841397676, 0.5216670803658133, 0.9861963716003628, 0.42509039423402584], [0.6172853294487977, 0.778338816560195, 0.26580784583092676, 0.37455590209732403], [0.5355519069626862, 0.931908289195882, 0.03276558382097938, 0.2600821761396743], [0.12158122385123715, 0.3863734315315793, 0.711994560771792, 0.5431432643853871], [0.0176637406418364, 0.9583551906934914, 0.508136458180463, 0.7980836115516619], [0.7521577429404114, 0.9429419566126871, 0.4151916908345997, 0.7539541539096801], [0.7691620132363898, 0.10970057842574721, 0.4530643707958072, 0.10745413593134023], [0.27963229559063807, 0.1009308430220135, 0.06802941845728838, 0.789448707427628], [0.30695842970809806, 0.540551730321309, 0.28146088581909834, 0.001157674736671721], [0.43256116611307405, 0.3748813950193931, 0.7715198359197541, 0.9053448454563215], [0.23002645148390477, 0.3834187881858073, 0.5837432873403052, 0.8441070919267937], [0.9470763659873299, 0.14956806320307148, 0.017962242700697795, 0.12016320576954909], [0.7249088188497145, 0.18869320655039046, 0.14584486823564413, 0.04582011459474222], [0.14456737621136206, 0.9118680255359036, 0.1303933799007836, 0.12396583963285945], [0.9202346201990186, 0.19752571760320747, 0.7146058067538831, 0.1515290819479307], [0.14988312667619574, 0.5919329300004171, 0.10076977736631043, 0.7510151526864843], [0.5410243123539675, 0.378087734870155, 0.9689410402550533, 0.9449885396986388], [0.6115859071630385, 0.3500236591093463, 0.8199138578803498, 0.10902530534046506], [0.6347125706254971, 0.6368508359735677, 0.8771333700901519, 0.8425290329062058], [0.04273535439835474, 0.590740333901542, 0.5358024371074991, 0.6134190717570267], [0.594044806701541, 0.37701971113462096, 0.8557821497218646, 0.8027188492930513], [0.9696289353976363, 0.2502607909837614, 0.05448693852631248, 0.35792187120770713], [0.8257254061696193, 0.921105627222435, 0.1721017672333357, 0.9299137472734031], [0.21666094097041455, 0.2580381600566254, 0.8767681922192826, 0.7348271804012592], [0.44373657755906615, 0.8917362820915641, 0.41936110333687426, 0.7176697763224551], [0.4625143559069722, 0.8709753228543375, 0.38769402448073087, 0.6234179267783834], [0.5254087591897825, 0.6286762617182706, 0.4576724707125015, 0.7653589421011371], [0.19975329253865703, 0.35238352556515784, 0.43754820176654763, 0.6449982805794869], [0.7514963007629525, 0.27443283075131164, 0.6227773696227779, 0.6665280542025318], [0.3676343900669432, 0.6806705711450314, 0.6127282423148176, 0.262597611632033], [0.007058626735351736, 0.7372303231986688, 0.5034011027720473, 0.952198449351702], [0.7711971162038123, 0.5739438758502783, 0.4589786587629566, 0.7414958261027511], [0.6059672173485928, 0.19300161295334517, 0.35380735977347033, 0.31700698098323865], [0.8600988716505179, 0.4793970857136247, 0.8624173058665858, 0.7308934310073854], [0.955986342567459, 0.532910867482169, 0.3534495995851775, 0.38559261757679064], [0.5103408929984594, 0.14548090139922187, 0.3845311949374217, 0.5650574345929444], [0.721341874004405, 0.9454223129995627, 0.907390431133588, 0.7946151723348137], [0.6314297757516106, 0.2118243210436802, 0.8464257975162471, 0.45468337268845604], [0.8338375099804484, 0.6302283076551735, 0.6372895157878893, 0.3097221196973893], [0.7113376482153939, 0.7943092670567857, 0.2742143828942587, 0.6322843623205392], [0.43809628906644327, 0.14065886842485453, 0.2391298860506169, 0.9433353503990277], [0.887487657625793, 0.5012991989794333, 0.6474961031334124, 0.3078344685507005], [0.6616352027599612, 0.2224461591506407, 0.6318474216912375, 0.5163678695893659], [0.56777232645967, 0.5438207664018851, 0.4757111219087773, 0.271994717571464], [0.33442363557169164, 0.5274230696616194, 0.7477493118411608, 0.7339451257330389], [0.6160251930525177, 0.39899220989809936, 0.056596397872273996, 0.048385989293642795], [0.9946737330696828, 0.9920312348805075, 0.4199529774379763, 0.757005814459582], [0.0703263314311563, 0.9197738969664726, 0.44297664085033284, 0.2238739923379971], [0.9864235150975245, 0.6804702217756501, 0.3026238372639827, 0.7747667816121823], [0.12321868141697301, 0.9022500278111524, 0.7671674190652552, 0.3792272889956505], [0.8521713471422828, 0.9576005221176132, 0.9427651624173822, 0.11195978329407197], [0.5654159405820943, 0.45564904238721293, 0.3598904114839906, 0.40040109090989906], [0.8238331991598334, 0.10673809159243342, 0.5591670125465266, 0.3783006193364393], [0.15853343296016875, 0.6364803357010409, 0.8362726052704691, 0.6226663910238116], [0.6289377238028842, 0.7639907517235068, 0.3010558589719341, 0.22640006664250367], [0.5120982527290554, 0.15360647349511847, 0.9845120592141516, 0.2581466225149084], [0.6682602285958517, 0.30808689610126594, 0.6222539966298992, 0.8748422724184837], [0.8434065240643931, 0.44764446112590095, 0.03742695395928153, 0.17477152931602324], [0.2925083854792677, 0.17157046532683096, 0.33339966939344456, 0.2625155104370942], [0.10581538001481672, 0.5598797704919298, 0.0622955327758532, 0.8502167916045218], [0.8698773783323517, 0.049046555198172914, 0.06137821332690152, 0.44079152394831567], [0.756484321008401, 0.45508887266624276, 0.9695236275128833, 0.7567806195882677], [0.7210911031673642, 0.6408052690180178, 0.36327330488414744, 0.5283738134988402], [0.8523917143640262, 0.020320855374461044, 0.9399529783566695, 0.2780205260874832], [0.40548238892805155, 0.21279410653862874, 0.5457420587681995, 0.1861127263591058], [0.7153709335018261, 0.4651080348308746, 0.893064792563765, 0.21399321324551301], [0.4748408383479723, 0.61115137787397, 0.289728198702895, 0.8994232636752792], [0.8122327219473731, 0.6153744728720443, 0.617965419578561, 0.16968290106998207], [0.0017838743692011327, 0.9447963646013905, 0.17068879163701467, 0.6811411652290971], [0.5350778811840052, 0.9194055668417215, 0.23493755613301381, 0.7392351538758565], [0.8095110539269671, 0.6574605028994036, 0.055840892946317555, 