{"dimensao": 8, "observacoes": 100, "base": [[0.7226923570597834, 0.2902473768001098, 0.36086821424720317, 0.510189871726327, 0.42175076255357336, 0.16030285243763365, 0.4086314263377313, 0.7499039531106351], [0.32025546375987635, 0.3808834817828626, 0.14051406229854557, 0.5537379208070818, 0.6829952307165086, 0.4825888408119441, 0.03841231495896069, 0.4274050630353363], [0.05367581673476618, 0.01187771095399981, 0.5334210613651482, 0.09633189543470655, 0.15776164871284293, 0.22861282671375438, 0.11175611025459442, 0.18289562758694966], [0.31851962281994806, 0.08980079160518206, 0.4198998041057205, 0.7094943816298588, 0.7462073840957446, 0.8984299825082201, 0.010500598544977424, 0.6671136297549042], [0.006021431727226578, 0.0731016728283912, 0.8809130871412592, 0.1277189437974081, 0.0352907515749904, 0.7813627176116863, 0.01846405786402694, 0.0951042353677839], [0.5246249751369869, 0.874593688629531, 0.4257770897536767, 0.4081590303726138, 0.7448113246603265, 0.9047147134258904, 0.6886466788247824, 0.009530786001695546], [0.9838762994237937, 0.49866327833034096, 0.31131127587124263, 0.22962294563652086, 0.8642655872246254, 0.5468067517444012, 0.6242003707850642, 0.19413821140893528], [0.338208818557615, 0.15977844471561142, 0.30382411104598506, 0.9596479904869429, 0.10106067848325972, 0.726753851573431, 0.043801742703308943, 0.3129279996001477], [0.9416447188730354, 0.5309811396406565, 0.4098375028246296, 0.19038745921143185, 0.5773512809771243, 0.5541589599639863, 0.6414930898303415, 0.5084537004832519], [0.8867228023304481, 0.03945372480097975, 0.35039266101975997, 0.38022697739068234, 0.792828035787636, 0.31570749337322945, 0.1979151709770376, 0.03725302587545054], [0.6930568920663408, 0.10928528408901617, 0.00011863370516596028, 0.6610374054472666, 0.712278677165345, 0.4180190263223963, 0.10045006654472433, 0.985504744509217], [0.1727185581951779, 0.7608193978757222, 0.2607688794502523, 0.012042869765319875, 0.7781223291913145, 0.7843051029050282, 0.33732594110757197, 0.6202302075383], [0.1976183619038896, 0.7379998349791929, 0.5018760433039193, 0.005481693236401908, 0.5843845189146197, 0.5423648332822745, 0.9639101581308142, 0.14669335836951047], [0.8040032069071709, 0.2894910508068652, 0.6673162777420323, 0.2760166435429535, 0.5153101558751965, 0.3082534555195884, 0.07275562039297856, 0.5809236935719595], [0.9277842354917378, 0.798120077623572, 0.896348076837858, 0.5966251835219428, 0.5461067075236369, 0.9088494900329386, 0.8425259286056651, 0.043280880863215354], [0.6427534773702196, 0.34332485972661686, 0.4573867502016935, 0.11339243910410901, 0.5879531442148693, 0.025601536191854346, 0.3786766538119348, 0.7456164500719704], [0.3069779085037795, 0.7983081359521347, 0.3108462078579869, 0.03767059010622764, 0.45775654026386725, 0.2255097143773105, 0.28828418703248326, 0.42958918310685335], [0.9056970917111002, 0.9315505602911714, 0.573930774226068, 0.6969027585192491, 0.8025946855447101, 0.16164807998052044, 0.048065198897429995, 0.8740939532951425], [0.7924982308651777, 0.2315014722406905, 0.4267037605789684, 0.8987145249347204, 0.47428945899728314, 0.6354917791700352, 0.57489598960365, 0.2958859515221325], [0.5175039377224756, 0.047410063081303466, 0.6478037587683461, 0.6446288256380168, 0.8208799368545263, 0.22689451718444886, 0.18105070898116682, 0.6053434166084616], [0.4721676655547635, 0.01019616184502814, 0.3997354523770851, 0.9288556393625407, 0.2704284238338138, 0.8269088004427921, 0.42010449984132014, 0.022110301369122287], [0.9733510420093334, 0.9719448863498927, 0.884220400653868, 0.9314067590203643, 0.7183618998824769, 0.39691740361898464, 0.7797677043295457, 0.018058530984776833], [0.6410026404975888, 0.848927327056953, 0.8195073071355548, 0.7058054869109768, 0.3483485830770874, 0.3223137507725937, 0.08427845984514537, 0.1469983107450944], [0.6276649649910252, 0.2236992181352928, 0.9941370585707208, 0.9548966445536845, 0.636451182308615, 0.02490901032905124, 0.3033424842283383, 0.4008435130708544], [0.6134917016305423, 0.32222824617872736, 0.33575485411501205, 0.7702835246820926, 0.09652168082674828, 0.3146833923040665, 0.8795246024122021, 0.6228552389122505], [0.35782613076042113, 0.7013861917657237, 0.35903307950184904, 0.14618760679225096, 0.9183922992883449, 0.3747499700929262, 0.6958232336294689, 0.10438404368586718], [0.43122916151379564, 0.8918163096823049, 0.7261265976262956, 0.8220170687132315, 0.5623265137045502, 0.19007213560355418, 0.31398560033912426, 0.17148054686150882], [0.09919334713153971, 0.24701675967641157, 0.8130235890981778, 0.8469783123853359, 0.05759938095284445, 0.588074371040331, 0.1316631432065064, 0.9362551480728043], [0.9174187114259307, 0.5769006060138254, 0.5363854915817999, 0.37940773109794157, 0.5657333668940117, 0.6774089522907369, 0.3379220246694006, 0.48129649798909513], [0.7524299517451546, 0.9035974570184758, 0.16928417249745675, 0.7258061871691719, 0.6069866481113597, 0.22501425340757186, 0.4524262949845589, 0.3553233099887533], [0.1371271898922075, 0.8970939277166645, 0.491669420560254, 0.2548449725132106, 0.214201146174944, 0.84212713085624, 0.5310051407041968, 0.9166745619917335], [0.17906566601634255, 0.8215423543982683, 0.5459264145743716, 0.06715485802560295, 0.8576153496466432, 0.9769561456236857, 0.8383564916627883, 0.7497490291466387], [0.4197403861143685, 0.24430025126771937, 0.1720356758835937, 0.17894369386052233, 0.06320199095615064, 0.009183568505920059, 0.4318216197589575, 0.6218321140101533], [0.6030569888013917, 0.6410235377067436, 0.1334660425280051, 0.9304122040522547, 0.7861839655154179, 0.6509793799864808, 0.8483519288483676, 0.2849297619903596], [0.6374240936725977, 0.5845479827093272, 0.46261999462103076, 0.9059613265231883, 0.19310975951844533, 0.0364357286283683, 0.6138425486861211, 0.8354206079671174], [0.4372067119278191, 0.6848877378778179, 0.5478572268719057, 0.5561856010569456, 0.3594293054292208, 0.49077410092280094, 0.9111371939781918, 0.02309709257248005], [0.49032974755776326, 0.5841000835075285, 0.49250569046691406, 0.734014732083136, 0.16045292641027564, 0.9669257626661094, 0.38411792002934264, 0.06906484737711638], [0.13224023459278778, 0.1915334001529282, 0.39305401083348057, 0.5539645216622909, 0.29896725856540896, 0.1552796274276329, 0.08849434046920068, 0.1548500956515757], [0.030149718272464043, 0.7632284037842496, 0.6539339200063446, 0.2973395894836671, 0.3818681259909912, 0.5044700090681876, 0.7537021714040103, 0.8076263654934679], [0.8526803616942719, 0.6452893268623825, 0.3459702003924583, 0.011837515916125918, 0.867361701637532, 0.8727562872220218, 0.7956325152988128, 0.06793156472131523], [0.7234619836117244, 0.3507027832868661, 0.24725616985655163, 0.940026263856051, 0.4922251328224122, 0.020735918277469234, 0.02853556384372158, 0.8085672242468319], [0.06180942153231328, 0.9345259700324099, 0.8952349526908847, 0.17721274743674353, 0.7890012505521383, 0.27486414162801065, 0.8891298338432306, 0.007123133950876714], [0.5622422763705188, 0.939089347529568, 0.902782982302636, 0.03670064844418197, 0.3905166398532808, 0.9932994267809836, 0.392461479884996, 0.18002029757979343], [0.8395948128245779, 0.40834551319277623, 0.5630032201541295, 0.6009360826579176, 0.24925761212266684, 0.9033378280016404, 0.7691100258592982, 0.829215057537876], [0.061205739131553694, 0.47904649001281885, 0.24954090076250934, 0.9803362011117167, 0.6851463537433294, 0.21883196475451794, 0.08263638255746353, 0.5254135733391676], [0.20856735911032376, 0.020415958770317766, 0.14095948359068444, 0.4572084660709167, 0.5122138923436063, 0.6023098996928409, 0.5484814524171163, 0.13636770572897916], [0.4735109244866612, 0.05422258382163203, 0.17459602842758137, 0.5387307619267756, 0.6355947132139391, 0.1299306480492416, 0.04055112112537662, 0.17158299169151048], [0.2931488615762602, 0.4610299713358842, 0.9122365483876469, 0.3356998993282284, 0.6476938798354228, 0.6530888419865974, 0.2248738033755303, 0.38448279125031415], [0.4091209901746454, 0.02599911471330596, 