{"dimensao": 8, "observacoes": 100, "base": [[0.06106590002163326, 0.10221701377470349, 0.2811421381439094, 0.6457429940685175, 0.11526807729852062, 0.9335954743013223, 0.13969755435859654, 0.5861618937209144], [0.8061060867218935, 0.7685920140002387, 0.2934922650925246, 0.4084170666521626, 0.5362912061902773, 0.45907252452718605, 0.39857132233168124, 0.711972651094825], [0.28558194923498836, 0.07869459342704077, 0.22324078334121744, 0.12588422560547619, 0.6130915196942126, 0.4719241501787125, 0.4194810456781777, 0.44136427849799], [0.8007828080950868, 0.47203596442715545, 0.7846628257539044, 0.5013952305486121, 0.8812967241899659, 0.5806623856484798, 0.08601010354209138, 0.40645527774329904], [0.2696688543394763, 0.4999811473510489, 0.21129570069520842, 0.3187315637985223, 0.6169961890521768, 0.44599894610543345, 0.37592413224309906, 0.3294629630816729], [0.8055509053437949, 0.7420723016553202, 0.25688088958686117, 0.20614347615142203, 0.43225653215386073, 0.12698368487362266, 0.9044774157839589, 0.25437817525560347], [0.9992370091298526, 0.04252664887766899, 0.8075901544331862, 0.5690826921043359, 0.03407051650661552, 0.9501302276081524, 0.20843939301990733, 0.2407969038431983], [0.30688507089597816, 0.9682394416057787, 0.6925964255750559, 0.16327343609187095, 0.5459856889070926, 0.5052045825253195, 0.9520747199650741, 0.590678211539698], [0.4707676653709132, 0.0943240070382646, 0.19812830702919904, 0.6530940829413578, 0.884825988061453, 0.7253776487759044, 0.9514847586708115, 0.7416274152251429], [0.8412683482226792, 0.14575770360561413, 0.8171421656687371, 0.25088808336297796, 0.3749505368883582, 0.7129959345226445, 0.5419077710680867, 0.5548830178405917], [0.6629088533727804, 0.048793016629560704, 0.03528391246449003, 0.5814051580187821, 0.9371192616342979, 0.13488904429606707, 0.741806966525902, 0.1431662604507925], [0.28154625070381356, 0.8060076350776715, 0.45842343301084765, 0.8390408469089632, 0.42926496030632966, 0.9603210083254458, 0.5488940447347409, 0.6448999737311087], [0.6321200295046834, 0.7124783492461516, 0.34296433093620726, 0.648272090523716, 0.9900963753745404, 0.28820663547887126, 0.48718182708969804, 0.5857118666152105], [0.8318072605826695, 0.5266590151575533, 0.33834918945344883, 0.4899029708440499, 0.5575685267520231, 0.5282856090439242, 0.06021544964101189, 0.3135121502107452], [0.08959489758998762, 0.6742339417756105, 0.009837066774775027, 0.41690554622149745, 0.8961938058637761, 0.27754942546951356, 0.8268531258496468, 0.3231814805996627], [0.2152463063670299, 0.3752999186274977, 0.8314953321095195, 0.49976369780633434, 0.7846517525086942, 0.7481928312815307, 0.7559418152372214, 0.7150252011288366], [0.6024536515540087, 0.016930337946804097, 0.1989884429859522, 0.9604354167948472, 0.713637277718989, 0.4332688428864594, 0.12399924378298177, 0.9439733162672118], [0.06012982370670161, 0.9311716534911937, 0.3642799108072481, 0.7067342831316403, 0.007630429254965043, 0.05836826569036502, 0.6483795486662234, 0.48503941560442654], [0.8974753836968843, 0.3289772967500516, 0.11737259988278326, 0.26436809841592723, 0.9406584357231099, 0.7113736808814798, 0.030458413331983847, 0.2727225378486293], [0.6477738156534696, 0.48411748198851456, 0.7594770185432141, 0.7941471433526641, 0.10993280807079164, 0.9530289902906136, 0.2557428177821568, 0.5971584518739874], [0.16585717806957045, 0.44622815049544196, 0.11458970887858266, 0.7616234179779389, 0.8713202778517338, 0.8997623526259554, 0.7644959948252438, 0.2681268155068226], [0.8954822150505485, 0.12893910048370916, 0.38711646387178433, 0.927925062288969, 0.06881327868421727, 0.4985859044616532, 0.17671680601748274, 0.20290637356794383], [0.8241103993947733, 0.7538981405542944, 0.6722251254370213, 0.5134141697959304, 0.508129565118351, 0.49302372265297456, 0.6428707829822887, 0.6796532365515554], [0.20648676811515965, 0.4416970608112477, 0.6898711199428137, 0.4267764082223128, 0.0886078098290215, 0.35276231942754976, 0.3210675552021188, 0.16250700535315], [0.15644802704811123, 0.9654656991088395, 0.2087869941048035, 0.8820875191103354, 0.1303249672807788, 0.9003103367692854, 0.4828705022694604, 0.2132804116078012], [0.9080445043768934, 0.7997856369739713, 0.5620593035234468, 0.5366684471506814, 0.756562621582736, 0.3179315975086623, 0.5280930130873902, 0.9865616576244187], [0.3731848833186826, 0.11133397635746711, 0.18030402447432314, 0.7001651061148464, 0.22844362147042696, 0.7355458046967283, 0.8055537144098864, 0.6361874645644044], [0.4998494288121442, 0.6352695503102456, 0.24841576470294524, 0.11362291633163557, 0.8356433883814265, 0.5595888469897425, 0.38527140685550265, 0.8027566880191], [0.6682914200805973, 0.42642411044276696, 0.16672858502782872, 0.8420457622161003, 0.0981715948846974, 0.7225883137020085, 0.8890487443813441, 0.5989203069141948], [0.4679230242833641, 0.6345013764524922, 0.5012638217150899, 0.5655344933971985, 0.7231233476145823, 0.22314557750541753, 0.8136741869143818, 0.03821621525113872], [0.9894814078414644, 0.33473397294786833, 0.29562225463325087, 0.16288634450574346, 0.408853031561072, 0.6575923634743474, 0.8066160618230614, 0.26124228652394577], [0.5351389449568815, 0.41210809898807477, 0.18453211158257476, 0.035637126064476665, 0.7499325726876613, 0.7839498296563373, 0.924094070354216, 0.6612782529508386], [0.582905791396284, 0.8075650984068865, 0.7995729171311108, 0.4764166000836034, 0.6610345328135115, 0.4447196092268426, 0.733838697243813, 0.36453601654541123], [0.5931950323514992, 0.25739031783991617, 0.7792579873831013, 0.7698883464612042, 0.7853171732637019, 0.1354635942727357, 0.46494501707642244, 0.023563133406247383], [0.5502867432464353, 0.19979027554591366, 0.5817417180064755, 0.6872691328022809, 0.6747020711048111, 0.3520252175382591, 0.025841678774963683, 0.8236247247829042], [0.28061676642390754, 0.6518187562492855, 0.7687247499756089, 0.04930588301812311, 0.27976827665861637, 0.4341314242688761, 0.07654853107926662, 0.27668756218747215], [0.988363251671152, 0.8714487241320826, 0.010008917945850793, 0.0831385544376807, 0.35216900748579316, 0.4901660031242251, 0.8199696377692627, 0.010230950364651825], [0.609762136592308, 0.7401027720755669, 0.575632443337449, 0.6930498121384278, 0.6325538630108619, 0.7825960013374649, 0.40581629688775167, 0.4651713454906079], [0.9576542264135695, 0.9626606920300355, 0.7040697480021547, 0.5578980192532642, 0.9340612082493641, 0.4548265149562619, 0.20180405625666997, 0.8331110116794322], [0.6196598866652988, 0.029835389328020767, 0.12069848354788049, 0.25695645305001824, 0.37401036988716096, 0.052905013474365714, 0.7952308068688237, 0.4429842354327551], [0.44686256102887156, 0.03299628428706036, 0.308320682174004, 0.5536504067953486, 0.9095565030519848, 0.981144225254159, 0.6502578605152416, 0.6348680578434635], [0.9148982052135648, 0.4732434061169025, 0.24207534122350505, 0.03135992740004201, 0.5768330304127998, 0.9094548680770612, 0.7709652614801941, 0.6403380352290426], [0.1641294257708812, 0.9893886694532247, 0.7107595048127385, 0.04421387529262777, 0.05286920778738502, 0.578886987138262, 0.8939079693148633, 0.41626364248781644], [0.07522114838657679, 0.06920889593486435, 0.3924481271125856, 0.272121488154911, 0.9000419507588739, 0.7749707724711458, 0.8432062479377124, 0.46489073297025285], [0.781557787228228, 0.657867574612887, 0.05729431843465649, 0.45713220112837427, 0.7687420262200761, 0.05829969800374357, 0.9320368369083308, 0.7924831126883107], [0.3433011085621447, 0.050145807532355535, 0.09530835246794, 0.43250334383402356, 0.10677025857860178, 0.5303535891655401, 0.737197900500178, 0.5313263076911694], [0.9431107875730934, 0.9393028787713763, 0.3148071787564297, 0.3602744365760694, 0.18861997887124637, 0.8549177056760179, 0.41175137269352213, 0.4627834661004493], [0.30774541354339213, 0.6456256326403352, 0.6644097447104943, 0.9788673683975925, 0.9571672915298078, 0.3665471747632665, 0.9689216258251991, 0.008095174559416662], [0.4659287864360725, 0.9954507003018485, 0.6119972138702828, 