{"dimensao": 8, "observacoes": 100, "base": [[0.5193386042958891, 0.9426137041026732, 0.7164700011162809, 0.640126442318732, 0.9715241740081803, 0.975896561330094, 0.45200198073356357, 0.1939008380045566], [0.26238438154638966, 0.11922595328059338, 0.6334582858105464, 0.527925267884397, 0.17478402462658815, 0.3019330153416584, 0.4577815432591723, 0.922785970955614], [0.7087920611913715, 0.44874730860724, 0.47047535035507193, 0.5413093061148013, 0.31071457965268257, 0.7470034216405789, 0.8033825185573336, 0.33867014195743317], [0.4606315647461595, 0.35661506685467614, 0.42727168758449896, 0.6948630324024575, 0.36619776067360166, 0.5666858777119671, 0.3146853433263518, 0.38998996041923795], [0.7789509274085478, 0.6776719785395926, 0.14623230730127934, 0.8425118750282538, 0.019639482076587833, 0.6793019217985662, 0.35987518683750574, 0.7310983135804408], [0.8974721735318858, 0.967054286876195, 0.7417906104227119, 0.23896248276738707, 0.9011778734941839, 0.38553106871944043, 0.853341209069857, 0.5923130767788677], [0.7589514921194637, 0.31795000519560546, 0.9246260089604945, 0.5653404830253177, 0.1898842872718276, 0.7828375642642005, 0.9044314381144009, 0.9010965615157542], [0.5334670703399396, 0.2426022463355637, 0.7729255767491605, 0.7521444901309206, 0.6277234992297462, 0.2450968384126525, 0.7274681529862719, 0.15425148226428853], [0.6934288689518987, 0.8368001751254965, 0.9470341897735809, 0.03987942875435446, 0.7694180800228222, 0.1147376965031025, 0.47177316215540244, 0.06906901669552445], [0.9271294396862054, 0.9473516157423021, 0.9923144529309164, 0.9992945741979775, 0.330983762327585, 0.572888036684246, 0.00838547350562091, 0.8219016102883925], [0.7406891003762576, 0.8475450246357177, 0.06374161634110553, 0.795690101519103, 0.800056998563616, 0.7113614166164455, 0.3174765287108827, 0.898672835800895], [0.5312460378596332, 0.27220102031886073, 0.9732578857897997, 0.807281306338534, 0.24159030103644152, 0.5417382138116338, 0.7399193058984841, 0.28092509391136544], [0.6392015845345232, 0.8886555333935754, 0.8004053667800867, 0.18618024367616892, 0.10582916352002625, 0.8523767078479865, 0.8585872120907353, 0.22594332919885518], [0.2602087328275112, 0.8283501883545201, 0.24042997941421118, 0.18708186973272733, 0.7253640280508388, 0.7914079484077666, 0.3642503039566297, 0.5295236224153835], [0.3277358645049504, 0.4630279477599417, 0.6221871373120305, 0.7312340964143662, 0.23858186486768185, 0.2778547422549551, 0.8061638757148968, 0.8059633198478341], [0.8705023119720029, 0.0985339305448506, 0.4374489208874365, 0.6087701260828653, 0.33925109840101353, 0.9020412446772558, 0.25917228652943236, 0.23855345648594894], [0.43170242747742005, 0.5265919543124639, 0.8516306088819535, 0.8542992193557474, 0.0035570845239299986, 0.5962380811686027, 0.8794242670755786, 0.7142967801395746], [0.9807732686171299, 0.8438909967498541, 0.4428120388148228, 0.579342987802544, 0.8217906130470392, 0.7997179317490798, 0.48116133726323485, 0.25211625087068246], [0.5212486192593535, 0.5339198443363617, 0.42166044457078855, 0.4705029806490024, 0.9357678188091798, 0.9934395764762394, 0.8466261601585728, 0.06343419752432511], [0.14509342990879115, 0.8379066825033014, 0.5437352529788669, 0.5476005416530398, 0.34675657343586475, 0.9395658718787769, 0.5625355196880916, 0.873798223242477], [0.6142852414874956, 0.7723462208382159, 0.25378247925027586, 0.9242902008133494, 0.7494153688656002, 0.5479088772930565, 0.6503646900938845, 0.9863711240663298], [0.5726733370401241, 0.47779001654457953, 0.43245928534070865, 0.7302356557094658, 0.8874760523498789, 0.672875676222784, 0.9884041933354683, 0.21947860574961164], [0.2193596995491469, 0.15826314961682564, 0.3397762345612316, 0.6621708227819981, 0.5239656938805173, 0.477783293497423, 0.21136463258880633, 0.10431251428452193], [0.24524202016625296, 0.21150873835287765, 0.257540885809752, 0.15687742601730015, 0.502132420144215, 0.1126076824860961, 0.7502566604200657, 0.3142776851389363], [0.49575197588288333, 0.6514446128361314, 0.47798934772516033, 0.33935749128926784, 0.4471533017172634, 0.7090937967346977, 0.9854413179671532, 0.7977870007409318], [0.8296413968625689, 0.1817592124495967, 0.4530210287898274, 0.16730778535393187, 0.9248126244372217, 0.7880370053440634, 0.48797360534736134, 0.1783329920096044], [0.47488538728102514, 0.1462380298888406, 0.6705420779757035, 0.4884260823725821, 0.0445379086745169, 0.35385317449176956, 0.8494342188993446, 0.350452830052282], [0.4059960274973464, 0.9963172680856951, 0.37192904560385054, 0.05614030527830882, 0.753864329829321, 0.22737200331887297, 0.7931221156855325, 0.0759112485748541], [0.4967564543096594, 0.6635169609800785, 0.9106271421106519, 0.6717804441091806, 0.9291584027519902, 0.21834458961419778, 0.9546447681093997, 0.16128300687759234], [0.9435237277456557, 0.9095464945252106, 0.2955627567557382, 0.43588618695627435, 0.5731770328822451, 0.6622807623999735, 0.4866365625330883, 0.9406055776358065], [0.35563463108276605, 0.7135152175031927, 0.14783001988125377, 0.8478405591507044, 0.33352901219405784, 0.3359908617864342, 0.2233494167331379, 0.6759340482135828], [0.38873233244652317, 0.20807404327166035, 0.4320946572128336, 0.6522172494772865, 0.923598382320655, 0.2253621622560299, 0.14145853538667674, 0.8689047108584345], [0.6016071854438628, 0.6439769063625672, 0.9812753281546651, 0.9491376880944635, 0.6606705539310875, 0.1365417324942929, 0.027027083711770872, 0.5049134659414717], [0.8868819454425262, 0.09256250557382883, 0.23710378833236623, 0.28830038104059774, 0.8024260225208528, 0.7419532757454, 0.9974152859547896, 0.8781132563516794], [0.5915878837149204, 0.8268045517363581, 0.21302165853834254, 0.6141516690023888, 0.8592554455214364, 0.4685773291811187, 0.1937771497194012, 0.8053964350199293], [0.270402364459857, 0.6506748572025435, 0.8807304431688636, 0.23926443857161095, 0.2692983336505448, 0.6607232034226496, 0.3652348028308048, 0.00714517606721643], [0.9105432698148483, 0.07181516790514075, 0.5994868213101191, 0.4201934623756064, 0.12694183222843936, 0.8045863649569086, 0.5615384884417768, 0.804815670325464], [0.17940739380838344, 0.642573521153945, 0.37354748089481504, 0.356573232358499, 0.7485191369397967, 0.7571919558331404, 0.38932922361244304, 0.8061712624637417], [0.3630704560266653, 0.9270336020388383, 0.9120811342068555, 0.405299685709958, 0.25781421429319684, 0.3255595366817887, 0.6435323660694618, 0.08521003165069574], [0.02247738864347082, 0.8927812182147082, 0.8515153199043376, 0.371905212267695, 0.04300972655655899, 0.8878860526633408, 0.5954719277913576, 0.5362463440522018], [0.28129129646785134, 0.26930628734853634, 0.6371821135269624, 0.6399833754442095, 0.5345956864500695, 0.4667406132786901, 0.7185805445133965, 0.06501003250449877], [0.9142373864921135, 0.74231408970298, 0.47281763779374786, 0.4345117409565785, 0.9770329078684298, 0.10641017818433252, 0.46978661092933827, 0.5901310142617381], [0.7354893651945106, 0.6358350053781399, 0.29065229472820386, 0.2228105322916728, 0.3737655589921517, 0.5899758386315777, 0.7249911582630449, 0.7297402104583324], [0.014392899136198678, 0.8306271198036826, 0.4262495970654925, 0.6498481252446073, 0.07705109778673402, 0.4082840086208357, 0.18219090866227095, 0.6318272402325741], [0.5526477260205568, 0.4429124570678832, 0.29666608427962227, 0.1477450606383215, 0.21596639274843676, 0.22967267123132928, 0.17586711863859705, 0.5700224037103017], [0.1303919421546923, 0.45966005483565286, 0.9844980123902889, 0.9258356295780231, 0.16761844736823162, 0.6618310608045015, 0.7204717084043581, 0.7127697263492833], [0.47159852227846555, 0.27952979073538164, 0.2377406755293372, 0.10765791897510046, 0.9912811869727497, 0.2257688714221927, 0.9949444074767434, 0.08494259770677992], [0.34416857703951365, 0.06739818151849408, 0.526243232482418, 0.9611501196241289, 0.7715043833135392, 0.40833657108863286, 0.3582469796870187, 0.9455780998035705], [0.651499622991542, 0.43351183394783377, 0.4240061533235978, 0.208324386573286, 