{
	"observacoes": 100,
	"u": [
		[
			0.31026252940137916, 0.41636318054917343, 0.8023657050673761,
			0.20197771509938375, 0.8059176064870749, 0.664676210812924,
			0.43865467844348166, 0.7302507524047169, 0.41580204311792784,
			0.0035841746904898457, 0.6694835885609683, 0.7919054629900569,
			0.35857768716327404, 0.7657765870133942, 0.5255238931378536,
			0.32019098210148594, 0.6288954127592715, 0.29569819717598345,
			0.26478149427598785, 0.7471756071642732, 0.13809352527578525,
			0.43748808011225426, 0.5894262163223383, 0.7679799817301963,
			0.5024813700174791, 0.609854894671156, 0.637283248960544,
			0.5330780023361773, 0.5867048952384859, 0.506909434534038,
			0.9880756209756149, 0.7862638210800165, 0.6547858954460204,
			0.7167746576552718, 0.243024178859249, 0.7367718323337693,
			0.9599068518229845, 0.785049027186066, 0.7998503061597443,
			0.602182681813216, 0.9178463005581226, 0.6108431010979585,
			0.3269095918898309, 0.23636034075185586, 0.134133307034005,
			0.25965621682308915, 0.18888425658931654, 0.7600073295241143,
			0.5802684406089708, 0.4933001983376498, 0.18132000439035814,
			0.30877917665991544, 0.43096203458244964, 0.5616379773536455,
			0.21811455356863146, 0.7300416222428993, 0.5534374789023099,
			0.2300134530375641, 0.02285087607667166, 0.37361574329236336,
			0.9555249252434633, 0.42918571517550264, 0.4860556004286986,
			0.28177436950992263, 0.36561142596987667, 0.47362763332697283,
			0.42278281460011813, 0.18042721098973027, 0.6205122263142335,
			0.019220018928956167, 0.5422826527666427, 0.06427225789844782,
			0.6860036443416708, 0.8153998662736751, 0.0927685312878294,
			0.6360751114535855, 0.881361158505493, 0.40367111891185603,
			0.5078697696226819, 0.03542554292911667, 0.6300282987397823,
			0.487017577088421, 0.7846178119529655, 0.49622755846322775,
			0.19994999839318583, 0.7460414351610535, 0.8540150135114928,
			0.2997850912501847, 0.22512551688450577, 0.7092446140143003,
			0.8068034224308684, 0.029843888059874427, 0.09235438187227034,
			0.45745022535149, 0.8086278906511656, 0.7507395132685694,
			0.6305934171810583, 0.48077243538161546, 0.8943013866108307,
			0.6484183679546329
		],
		[
			0.6897374705986208, 0.5836368194508266, 0.19763429493262388,
			0.7980222849006162, 0.19408239351292514, 0.335323789187076,
			0.5613453215565183, 0.2697492475952831, 0.5841979568820722,
			0.9964158253095101, 0.3305164114390316, 0.20809453700994304,
			0.641422312836726, 0.23422341298660576, 0.47447610686214636,
			0.679809017898514, 0.3711045872407285, 0.7043018028240166,
			0.7352185057240122, 0.2528243928357268, 0.8619064747242148,
			0.5625119198877457, 0.4105737836776617, 0.2320200182698037,
			0.497518629982521, 0.39014510532884406, 0.36271675103945605,
			0.46692199766382275, 0.4132951047615142, 0.4930905654659619,
			0.011924379024385173, 0.21373617891998342, 0.34521410455397966,
			0.2832253423447281, 0.7569758211407509, 0.26322816766623075,
			0.0400931481770155, 0.2149509728139342, 0.20014969384025566,
			0.3978173181867839, 0.08215369944187748, 0.3891568989020415,
			0.6730904081101691, 0.7636396592481441, 0.865866692965995,
			0.7403437831769109, 0.8111157434106835, 0.23999267047588566,
			0.4197315593910293, 0.5066998016623502, 0.8186799956096419,
			0.6912208233400846, 0.5690379654175504, 0.43836202264635454,
			0.7818854464313686, 0.26995837775710074, 0.4465625210976901,
			0.7699865469624358, 0.9771491239233283, 0.6263842567076366,
			0.04447507475653667, 0.5708142848244973, 0.5139443995713013,
			0.7182256304900774, 0.6343885740301234, 0.5263723666730271,
			0.5772171853998819, 0.8195727890102698, 0.37948777368576647,
			0.9807799810710438, 0.4577173472333573, 0.9357277421015522,
			0.3139963556583292, 0.18460013372632497, 0.9072314687121706,
			0.36392488854641436, 0.11863884149450699, 0.596328881088144,
			0.4921302303773181, 0.9645744570708833, 0.3699717012602178,
			0.512982422911579, 0.2153821880470344, 0.5037724415367723,
			0.8000500016068142, 0.2539585648389465, 0.1459849864885072,
			0.7002149087498153, 0.7748744831154942, 0.2907553859856998,
			0.19319657756913158, 0.9701561119401255, 0.9076456181277297,
			0.54254977464851, 0.19137210934883442, 0.2492604867314306,
			0.36940658281894173, 0.5192275646183845, 0.10569861338916935,
			0.351581632045367
		]
	]
}
