{"observacoes": 100, "u": [[0.6694670192085606, 0.4526602617440684, 0.6620570925897155, 0.7526282440238804, 0.43159217254269877, 0.3309020651951395, 0.3209866806668932, 0.3035732715634992, 0.43740056573131986, 0.5559431638072567, 0.9483574425718465, 0.4660875858743423, 0.5113878326833313, 0.6529557871953248, 0.4441422737249352, 0.06433228423442881, 0.7494640531708188, 0.686671575825624, 0.5353185513666477, 0.6505976388573036, 0.5316970872950629, 0.755701975863485, 0.442306718343299, 0.2652752790504506, 0.11829696640977581, 0.6257640269360236, 0.4629336826658035, 0.5453424243154322, 0.5146832218693222, 0.6068205155711605, 0.5054887923350765, 0.4748597927590572, 0.3453211613478907, 0.3495866243278024, 0.26807534716778547, 0.24021121743524157, 0.4157205187015672, 0.3642663201576308, 0.4166951965020197, 0.3968265700400429, 0.29378045937476627, 0.26329065010340413, 0.715229506879442, 0.8162876004147577, 0.7986253213568588, 0.9217881206348051, 0.8449640613597694, 0.03953827446245636, 0.5556472246762487, 0.13360404778186072, 0.4960375135797496, 0.07387363525985598, 0.5319196290560563, 0.5398178219043988, 0.6180875591633461, 0.33638307249064986, 0.27232467472803856, 0.9143779992321164, 0.388601929299052, 0.21658699577032478, 0.5411542740661228, 0.8030897422513997, 0.27411115898246596, 0.8817824295190831, 0.7109170061104638, 0.4969994880972635, 0.4339303353027659, 0.7804797791848446, 0.5479202623431396, 0.4824174578284987, 0.5255970051590279, 0.7145733408154937, 0.14859095538620903, 0.10807498226634528, 0.47399633610695746, 0.3103791457808735, 0.4932213143776351, 0.4906850053639713, 0.15832681430596662, 0.5078150508718794, 0.4788110526978664, 0.548605334025443, 0.9474969238990486, 0.6798371854161577, 0.5377903618058488, 0.3279253142972037, 0.5596876212581294, 0.5267560679695193, 0.36044560911919526, 0.03946483172362897, 0.3842892708294086, 0.67350132466754, 0.48436200401923807, 0.5863431849418319, 0.43898389569134505, 0.2851870445977246, 0.49685198367922473, 0.3598982689200812, 0.35292823599107653, 0.07950539796496277], [0.33053298079143956, 0.5473397382559315, 0.3379429074102845, 0.24737175597611963, 0.5684078274573011, 0.6690979348048606, 0.6790133193331068, 0.6964267284365008, 0.5625994342686802, 0.4440568361927434, 0.05164255742815347, 0.5339124141256577, 0.4886121673166686, 0.3470442128046753, 0.5558577262750647, 0.9356677157655712, 0.25053594682918123, 0.313328424174376, 0.46468144863335237, 0.34940236114269646, 0.4683029127049371, 0.24429802413651502, 0.5576932816567012, 0.7347247209495493, 0.8817030335902241, 0.3742359730639765, 0.5370663173341965, 0.4546575756845678, 0.48531677813067775, 0.3931794844288395, 0.49451120766492357, 0.5251402072409428, 0.6546788386521094, 0.6504133756721975, 0.7319246528322145, 0.7597887825647585, 0.5842794812984329, 0.6357336798423692, 0.5833048034979804, 0.6031734299599572, 0.7062195406252337, 0.7367093498965959, 0.28477049312055797, 0.18371239958524246, 0.20137467864314126, 0.07821187936519487, 0.15503593864023063, 0.9604617255375436, 0.4443527753237513, 0.8663959522181393, 0.5039624864202503, 0.926126364740144, 0.4680803709439437, 0.4601821780956013, 0.3819124408366539, 0.6636169275093501, 0.7276753252719614, 0.08562200076788366, 0.611398070700948, 0.7834130042296753, 0.4588457259338772, 0.19691025774860027, 0.725888841017534, 0.11821757048091691, 0.2890829938895362, 0.5030005119027364, 0.566069664697234, 0.21952022081515546, 0.4520797376568604, 0.5175825421715013, 0.47440299484097215, 0.28542665918450616, 0.851409044613791, 0.8919250177336547, 0.5260036638930425, 0.6896208542191266, 0.5067786856223649, 0.5093149946360286, 0.8416731856940334, 0.49218494912812066, 0.5211889473021336, 0.4513946659745569, 0.0525030761009514, 0.32016281458384227, 0.4622096381941513, 0.6720746857027963, 0.4403123787418705, 0.47324393203048065, 0.6395543908808048, 0.960535168276371, 0.6157107291705914, 0.32649867533245996, 0.5156379959807619, 0.41365681505816815, 0.5610161043086549, 0.7148129554022754, 0.5031480163207752, 0.6401017310799189, 0.6470717640089235, 0.9204946020350372]]}