{"observacoes": 100, "u": [[0.5862257429415472, 0.6714127665985822, 0.28133251060010833, 0.3225574658270749, 0.5733646491907031, 0.6910143891738668, 0.7687350068260493, 0.9822424050389941, 0.6929524259623351, 0.18822929117840706, 0.5540264096403836, 0.7357608356290907, 0.4463466238028064, 0.6342644686140485, 0.5170321492498721, 0.6308941104763065, 0.1891505944011633, 0.3686484947350171, 0.49452924266588233, 0.02999903572456818, 0.4323150869747351, 0.7224588133496084, 0.4375616846492251, 0.6001824960751163, 0.22327295485312754, 0.8122617203312177, 0.7217477046638072, 0.6994915426374865, 0.5725387960898279, 0.5190023646136075, 0.9647285118696075, 0.2584873634746681, 0.7600148498175381, 0.2972071394078895, 0.47867096833300016, 0.37027105043403713, 0.6263810197020724, 0.19531550147462548, 0.6351150274967771, 0.4775765679647299, 0.7832016880451118, 0.6605833431206442, 0.8939177335555928, 0.10911504319211418, 0.5311928851697884, 0.40109177792484596, 0.7572950204638569, 0.46920590622579134, 0.13411565109740056, 0.6367177431472849, 0.8474343741342715, 0.3565426995942134, 0.6629585877878272, 0.3224926797126532, 0.9078333489769066, 0.5677882376831126, 0.5196789091031618, 0.40452235217896804, 0.9160888775751032, 0.5330736227038673, 0.5043287273012533, 0.5115952462311023, 0.6998674019029477, 0.912597212969767, 0.5612658504528281, 0.6817667308957918, 0.38590904528619663, 0.7286251770458616, 0.47944017751842566, 0.6298245343397094, 0.5649609809501759, 0.5075258117470292, 0.5582552482850621, 0.7408303808610945, 0.06732681265038575, 0.7242220131419825, 0.703949413471886, 0.29490757535193807, 0.8305496595069016, 0.6542793634347162, 0.555031318797497, 0.5679345513267762, 0.39021955694756866, 0.5534426064047228, 0.6720529785369226, 0.9609145449685205, 0.4400533474142726, 0.2969808682945661, 0.011574292469975466, 0.5131485531307198, 0.6280726978157679, 0.9541100289720601, 0.8263778014112452, 0.868652644282187, 0.03776008906259063, 0.3540941143420203, 0.9438479843160267, 0.6207795852080867, 0.5703071539456628, 0.14265075180318712], [0.41377425705845294, 0.3285872334014177, 0.7186674893998917, 0.6774425341729251, 0.4266353508092968, 0.3089856108261331, 0.23126499317395077, 0.01775759496100596, 0.30704757403766486, 0.811770708821593, 0.44597359035961637, 0.2642391643709093, 0.5536533761971936, 0.3657355313859515, 0.482967850750128, 0.36910588952369344, 0.8108494055988367, 0.631351505264983, 0.5054707573341177, 0.9700009642754318, 0.567684913025265, 0.2775411866503916, 0.5624383153507748, 0.39981750392488374, 0.7767270451468725, 0.18773827966878234, 0.27825229533619283, 0.3005084573625136, 0.42746120391017217, 0.4809976353863924, 0.035271488130392444, 0.741512636525332, 0.2399851501824619, 0.7027928605921105, 0.521329031667, 0.6297289495659628, 0.3736189802979276, 0.8046844985253745, 0.3648849725032229, 0.5224234320352701, 0.21679831195488816, 0.33941665687935585, 0.10608226644440723, 0.8908849568078858, 0.4688071148302117, 0.598908222075154, 0.2427049795361431, 0.5307940937742086, 0.8658843489025995, 0.36328225685271515, 0.15256562586572858, 0.6434573004057867, 0.3370414122121727, 0.6775073202873467, 0.09216665102309339, 0.43221176231688746, 0.48032109089683817, 0.5954776478210321, 0.08391112242489687, 0.4669263772961328, 0.4956712726987468, 0.4884047537688976, 0.30013259809705223, 0.08740278703023298, 0.4387341495471718, 0.3182332691042082, 0.6140909547138034, 0.27137482295413845, 0.5205598224815744, 0.37017546566029064, 0.4350390190498241, 0.49247418825297085, 0.44174475171493777, 0.25916961913890546, 0.9326731873496142, 0.27577798685801747, 0.296050586528114, 0.7050924246480619, 0.16945034049309846, 0.3457206365652839, 0.44496868120250305, 0.43206544867322383, 0.6097804430524314, 0.4465573935952773, 0.32794702146307736, 0.03908545503147952, 0.5599466525857273, 0.703019131705434, 0.9884257075300246, 0.4868514468692801, 0.37192730218423203, 0.04588997102793989, 0.1736221985887548, 0.131347355717813, 0.9622399109374093, 0.6459058856579797, 0.05615201568397329, 0.37922041479191326, 0.42969284605433716, 0.8573492481968129]]}