quantidade de observações,dimensão,expoente fuzzy,Hullermeier 0,Hullermeier 1,Hullermeier 2,Média do Indice de Hullermeier
100,4,22.775,0.9866779501520689115650984737782082795498159456534963192265489532890985493832383537889312828234632352493472378143875028770832863193155639514576063734236300492892350445948898399976474822673821320708411761261036871139070575703790514730671122035076756082503844266916077659829439303617974716100803862630472253164138228588379292798676349809772478848774856277087277262965990715728414588466719764806359369841,0.977005982370725529717115115241135358197521557314787280782788894698639013048213125094921713689692264785825224589506038029986096209979914497541257572560879548038688043781903694555363074426764771874332710259021582354311679172619100812079506137873563813227249975384251018407065080484446799392692642631244712759925032080427140269673525240355929207726752162906005280103511540430032947810732332493651658646,0.9696914120953801337286561150196197899159174267667348324666415916022924051203607018073982495328032884662289861828601145233541430239491586790310385260062414935722328013706998264222803265078932723524077280910607625848799837587837607044646505472034666107765167445788187165806170185407386746894161522654028959717640059933889752331922715801835148164790610937996264876122560689448063544553166910709452181774,0.9777917815393915250036232346796544758877516432450061441586598131966766558506040602304170820153195961671338161955845518101411751844148790426766341573302503636333852965824977869917636277340133920991938714920620106843662401672606376632037562961949020107513837155515591669902086764623276485640630603865649446827009536442180149275778106005055639696944329614714531646707888936492269203709070000150776046025
