quantidade de observações,dimensão,expoente fuzzy,Hullermeier 0,Hullermeier 1,Hullermeier 2,Média do Indice de Hullermeier
100,8,8.325,0.9983148306236413086757289123810299783617358633233121812458873614783587927482222182479411626445013997794954255210660327890996906973381188575470362610729339763599040225842234220777814269971021423418976433011815758367245284140592090000768920514469515853890719332683238570805699550262069694944369672076522585317540583122960441792849485916689304033050660310132028849647590405206773382438192194436385645226,0.9982910355183167188023323385098469389871299468303607598393025624250462242350567044833340158342313700066031536755884438690731563395084577091422153254440169083880924370277867786226143308447905068289959122741845146316559756427643522692452936655184725214020709276444644594132883637712622321268802712847014892303994834363282474260683916621802038256841333562702440202234455985534534260974158963740965867349,0.9983243483741178285205839144761382030444819591076925409860251252254608969642389284488548710970481653820721574092490201471461801364174081259537274367984171845785133176286763604031122417065781056180201198858454803783222993372786734498143118318895021411179408992059012234893434721986796452159294680044751100244627529191406476550507226082578349181463247271107724871095127662660081329003380003834090571075,0.998310071505358618666215055122338373464449256420455160690405016376288637982505950393376683191926978389390245535301165601773009057754661564214326341105122689775503259080228853701169333182823584929637891820403856948900934464700744906378832516284975415969694586706229846661067263665382948945748902165609619262205431555921646420134687620702323049045174704798073130765905801780046299080524372067048069455
