quantidade de observações,dimensão,expoente fuzzy,Hullermeier 0,Hullermeier 1,Hullermeier 2,Média do Indice de Hullermeier
10,4,8.325,0.7709800877028323271630011950267450746169395516538768824242940409276368010531462759515519635037697463509102267241401858014236541259450289948765598014371099709839413739964140017536365938243994541335458303284841374459700247423629121655852323715007354709793314793694011378529952549608947742461060202960087846291093206571902489958950985488777081702442490939469057537065642669617674450231659521754226426108,0.818747846916492189175184543603622872880558192106326829868703899922462670572636820012308799778794511353940364125432593819378227074002800543028848902888565631693537167664744130920435843132123840161938466974016762422860533195656699817745539510873434555579926763979992034345556016030559127631703931604963801492264756068036760433887430827268810801822326873964749075062628941469536986838467911345179061058,0.7969499374086562360877615027303800491067119570353482561423700665652066439789512590000021566268902285293291410846154831619974779068183213948915078365019293696899806896335573622628141734005494741922661443207735719382677096171249071341968842622660244943145482802204026416750862731286760633087439433319726955860012760101714699196798408415578240777896068125932483269778571690248624833185809804817326215282,0.7955592906759935841419824137869159988680699002651839894784560024717687052015781183212876399698181620780599106447294209275997863689220503109323055136092016574558197437649051649789622034523575894959168138744248239356994225183815063725092187148800648402912688411899319379578791813733766550621846317443150939024584509117994931164874567392347810166187275935016343852490167924853889717267382813341114417323
