quantidade de observações,dimensão,expoente fuzzy,Hullermeier 0,Hullermeier 1,Hullermeier 2,Média do Indice de Hullermeier
10,8,2.9,0.7377756092083629622319234267676196119889842142128170862675810787925168932282296472794384134657645150642630873306583646636930216407311037175792146504565376601260064290672866268633403024846866381047773117716674011471964761992297641319699816433203657793387614421135608628370902147627460288870942163938776376593937673692773750597618447249073753848354389584535374082639215064506941834321988517447497756354,0.7059050398010480656821787992006126889814881728305455817504626186033704866362943880859031315211498834727234585467029247835439414573952689471482888455518818637086482924178993528125176663374197191406184997638020318819809204381482353321851831726062825510898248373958683000103545568747480148644523387010604930225924286636112665200712082238310472084322456715471973113048220358855438906073412696514673616716,0.7184189681646521227754807313824102500163699795461956081452240451224589728317478756127656031995387815437263067466231154060060377943940183475532483766236733917751122387375579489694308554530619589105406123284677075511376214683345179278998880436804053858988878783313862114706126325126434671503971152968636613764111258362336158234291534846483272485911556918763760412818986799580432776564094045158286004521,0.7206998723913543835631943191168808503289474555298527587210892475061154508987573036593690493954843933602376175413281349510810002975067970040935839575440309718699223200742479762150962747583894387186454746213123801934383393685708391306850176198690179054424913859469384581060191347167125036339812234639339306861324406230407524677540688111289166139529467739590369202835474074314271172319831753040152459197
