quantidade de observações,dimensão,expoente fuzzy,Hullermeier 0,Hullermeier 1,Hullermeier 2,Média do Indice de Hullermeier
10,8,15.55,0.9868245422139806814324531439792273373765598395842308869964347136465419502103381959513174895922644140226092131980927472740701452594174525768968763915816830345029378165684653104610398389470554923529566151792037827472515835233765908030609955922095002136097066044436509136943755608040830749079912976833777211573788171524906809318514043393339564698199165068212264044482435132410267311585222535167054488206,0.8874078520856106002764090557346675307233719595789548981167410181562240510721399854210477886259636564507839719058893449668872768942466139099595205327166698915753534636613204552911875472276177495164486816629559294380616488551581989909564327940623189302959573405692351494784960967788830166671957107506118953877295682779758884233058618524261107965529599319214889092805652630780025274809051724927179924495,0.9725285891354898626728906163692780402012765122087478132038322748110695209606918535282025902753960534498009940085023951205349728839075439875680012060340241592396332656703453433195885984171112493266763357205453353817413767677019081448446645790980852874756387210777386905680166425079881483598049224574723513710000793173289465829764154435800435849826499273537070534676144232457949577039558405319127171055,0.9489203278116937147939176053610576361004027704573111994390026688712785074143900116335226228312080413077313930374948291204974650125238701581414660434441256951059748486333770363572719948639281637320272108542350158556848697154122326462873643217899681437937675553635415845802961000303180799783306436304873226387028215825985053127112272117800369504518421220321407890654743998549414054477944221804453861252
