quantidade de observações,dimensão,expoente fuzzy,Hullermeier 0,Hullermeier 1,Hullermeier 2,Média do Indice de Hullermeier
10,16,1.1,0.4447736644367945502915519588527891727144800188884526014904981697075056816609977591460589090721610864545752642687961763555814550181969324991900984080110814465198114447423455644137749044500944310048148300710284755113543779297722050509971617794748426174934942355363083230702696710171001495101973941121528368841884007792870537933520282326734192921763587528399226693799574374791391338840486039223750666216,0.4666723730090934448326229627250731900873021218807031039079946541475508509101293972956831719098100390286680165607706661931665036388384461223944613859479584302165519157260801901551789267330767137968942714714415591300665537639190955195044627762429363200013388326174249519986376550355308644598055514715530894858084045560756265569665009282266471825720217283589787912487783209974218618346512155321502586919,0.4666835982124009049685033841051410281392950680615868003435317832282127801609044802186501721836307976834489702319967620492697124874361906126900240988837486692353368007159540309254329401672932230134296553948829733860757406848602151962515468188437331121229443185685586104300553996501415980230808706345319563443632029811772864069602705621367541020036473472602710155229734438273979570181210551814356610674,0.4593765452194296333642261018943344636470257362769141685806748690277564375773438788867974177218673077222307503538545348660058903814905230780915279642809295153239000537281265951647955904501547892717129189791176693424988907928505052555843904581871706832059257955740972951663209085675908706643612720727459609047866694388466555857595999076789401922506759428197241587172364007679863175789402915453203287936
