quantidade de observações,dimensão,expoente fuzzy,Hullermeier 0,Hullermeier 1,Hullermeier 2,Média do Indice de Hullermeier
10,16,2.9,0.7173476070968394535823919704499228391869314820563354710978758362594187040217946413035360346244496547197654719197270864460098120895190977214224837940284193208638576971663820769527409438430625835840691656121090773807510384238408996528195751475421477567561029969701865307749284949689298564165896323034797895960599459865757267094121040661319644821674069216631449894690308040031485919808677167982717094763,0.7038598333686065553427948657029317934594192291413115198213726244141587371551736220586103409155757259839897983885719109665256187731584193113276725120175587058988431809565652519299412625994660275487818605281484732932690046830377030291990528973603371739997651828719993852022943358258118458721702566536427677495213153362305360471853456428839167304458084715151386033651531616407469123968672180447624613762,0.738866080843804581042644848154468589990839299137610217037043340496467225669112215446117381495278993248101666994688352153901720872166444764556939701948409056706230877251853773911411694214550790669581313175574458035093619924681867302865158438327429043754202361818686764218619444426766878509728697138127869406295626455462514484216514434859459626579701157863695616761358648980279262815803954868384605401,0.7200245071030835299892772281024410742123966701117524026520972670566815556153601596027545856784347913172856457676624498554790505782813205991023653359981290278229772517916003675980313002190264672674774464386106695697045543438534899949612621610766379915033568472202908933986140917405028602661628620317501422506256292594229257469379880479584469463976388503473264031985142048747249223978462965704729254178
