quantidade de observações,dimensão,expoente fuzzy,Hullermeier 0,Hullermeier 1,Hullermeier 2,Média do Indice de Hullermeier
10,8,22.775,0.9907124999952717397405306971027156217621500372946182624600816958242804542588681180431070384833548522248802803651520136285250687566465143588946471262583033371955838945885260002635342513080336044250353006686037377639976762494120300633248153006312504945348254758363635766027255638210514448731991564789762108508092436126110888878279894669832139770349045621442859238016845571807928514341946436556421969007,0.9886981655285167877567877649908480183226256672382209096701409517673833632607350361486415044420781534534958776806691338929878364533258000209202546325039887246746404018668529172892417684604054024680361762881324035425720646908210444610632378876412304650863006878709347604989644620786331317302315832290178627011181265619848302440623156618179736514125466745385924692489097669889626656475755242986485898067,0.9827207720385192484153299947068455030483808222332761083692095525776783106454069004920870370994598104712595444021448213577032381524800227858184609853689912666368334839947876505798156391001489083281932644495691084353955430470488134418692946907793038717220953841997755502040349668350964745316566116416424563216415735594345357487019917403465544745796690098867987512205417135002775724284884162568739065992,0.9873771458541025919708828189334697143777188422553717601664774000564473760550033515612785266749642720498785674826553229597387144541507790552111209147104277761690192601500555227108638862895293050737549138021017499139884279957606293220857826263505949437810738493023579624352416642449270170450291171165455099578563145780101516268640989563825807010090400821898923814237120125566776965034195280703882311022
