quantidade de observações,dimensão,expoente fuzzy,Hullermeier 0,Hullermeier 1,Hullermeier 2,Média do Indice de Hullermeier
10,8,6.512,0.8709495133812334163257951881547009649905718334053787830578811929067572550624661553405692451822188638175921154412854916772265228644685174287224769709008099915732492136593369695227642479985353098816673051686254925724574040861430889285281688642497490916502155222248277663787456996448831102407400387703485456351129469356873326901978991728784008843918944093988160520113305717156279379764922464858494601202,0.8632288871114427192426171171693202656277679495754676587068452619307887381489922057176512590807103741336642519608241357822700007731493602879730603906828539601840628976633958499933562366273568858478712891601202351580017057674827867156188578960879541903262062528355480694294255517807588374164489005689377891532908166828529579734242738313043796971718454664445116974134788068317592134703523252365335522934,0.8956290536279252673980579172405336877266183774652324347269256684343891497642744108118863896758738380437665713817759051284508225564445672648212813345537741535402883923605371716011900589796809535055481178821490628164058338052456501045621958604064490361734995534308287571669043516526703346898316888594469278996949015913709093311153342889054021731580459611387006537085103219767342353490466454320041552094,0.876602484706867134322156740854851639448319386815359625497217374423978380991910923956702297979601025331674312927961844195982448731354148327172272898712479368432533501227756663705770181201857716411695570736964930182288314552957175249569740873581384106049973776163734864325025201026104094115673542732911087562699555069970399998245835764362727584907261945660676134377773233508040462265297072384795722541
