quantidade de observações,dimensão,expoente fuzzy,Hullermeier 0,Hullermeier 1,Hullermeier 2,Média do Indice de Hullermeier
10,4,4.706,0.6807755561750767986499540641173569707348771488168754228663976114246707706257794293287016718128244948625333494254218535837650484990506289590413596468951776873702320308025086678032948336116858604636166484304128748298711288343778640591964402569904614398093037797398268174270676330028155985635621529195504322856194418044799036117055454533115851101088981815981930731928848502731644960152507552890991658599,0.7127600263374687768488746926619741334562431760000318676104885730575346383392657112805769451204189049966245538271040230675352100127458699832391540274330830894390766654791052848197933347752452922924646900632993817043671004706101772662482561904823532212774704409990349363768438066676331258214732484314933193795047843284084216636510118165259137479564190974094570999312258093080366229957580096882686931128,0.7301975459721986121103506933180239492756744207335238770649441812827600445347635532132532066338787904067316356997306036973815503138091796724706868356417682727236065239606753422500163653371138495161343141146143659159955745825230329020603219641517101514732460387220961035659976497962200572150813820124473263854125581488654671026698587350458902807577925195816110082221006135996328960502055359685406224078,0.7079110428282480625363931500324516844889315818501437225139434552549884844999362312741772745223740634219631796507521601162272696085352262049170668366566763498443050734140964316243681779080150007574052175361088741500779346291703580758350061372081749375200067531536526191233030298222229272000389277878303593501789280939179307926754720016277963796077032661964203937820704243936113383537381003153028271268
