quantidade de observações,dimensão,expoente fuzzy,Hullermeier 0,Hullermeier 1,Hullermeier 2,Média do Indice de Hullermeier
10,16,15.55,0.9641047371484581949246413756397485357529068918730690745220521960123636780999062586121227899774240591323176474175400691347471535483523614210992205661558066261052148990402186028816715162808061757857482449080890440196576947899069274380135268449958009575441745859112686514170949010759456926817634628485499800081675793455488373980985437229804546813572480628234032390639827543357275943663029072990427009913,0.9653318193700315917582635331909741229706265353783422746644781754375769996328051311714861607707855813542253198724713832205584336554141298257624534548416227785393623212354622236591888099772176312945820543607210643379926569506579842626165685684086535398892760744539667122607196391751901143634567959693433679922641902200356808152040059349102658455081997543050346936502467649782320925734769458152719041915,0.9563474754590173507248721511379534441517334700947421261330566405876846116873224859426045655175489838348915266641345823815755483450659625321473171702964054515912511045904096486305064332727832126416444460656831263857637344458397418577563355870871944350714050070321129548577289442684435824459355691252499590148683511738337641552313122639084830367307603950983959240426986982208544784233543807922276130809,0.9619280106591690458025923533228920342917556324487178251065290040125417631400112919087378387552528747738114979847153449122937118496108179263363303970979449520786094416220301583904555865102690065739915817781644115811380287288015511861288103334972163108349518891324494395118478281731931298303852759810477690051000402464727607895112873072664011878654027374089446189189760725116047217877114113021807394212
