quantidade de observações,dimensão,expoente fuzzy,Hullermeier 0,Hullermeier 1,Hullermeier 2,Média do Indice de Hullermeier
10,16,4.706,0.9569007833623088760001375468164893495832801483712731160959271772262484488982682492499580174082144099540283307062584126525525907527619839751343749740368024517757667474783030057538041484302711741009573671765909670914243868868748265554002248845891950212996323299923107552832879877466973381992626241667234787448124924124127461427234260603159328262107026399357962936605462909792050073074067312180229098732,0.7932888068498954801063207326429770788513769779104593213950634106351687339081699501811247900856016944548411392417019425883654095639267529608286731581524457964654591016071364179873545254003449081528490868272270772023375283718546649825496183283120915152375211310733899500485209405294354492345291772861347538354701328715784008988756349210059780488252416744516570521101861209666969627582999589797742829851,0.8548035993401604501056725891415371492908856313217695650873491728877249144475765878158607606894746154782339432988748039158335592412318306071016820645410968611790365360904095857454971289532282183052379661257632723976254167864114053701328532268709917676549289333312300618447415588763904591589087606912414453684864693690411157839042058148822263946500290801423156280158230584694036323539714056390044966069,0.8683310631841216020707102895336678592418475858678340008594465869163806990846715957489811893944302399623678044156117197189171865193068558476882433989101150364734207950586163364955519342612814335196814733765271055637957773483802989693608988132574261013973607981323102557255168290508410821975668540480332259829230315510107542751677555987347124232286577981765896579288518234717685341398926986122672298217
