quantidade de observações,dimensão,expoente fuzzy,Hullermeier 0,Hullermeier 1,Hullermeier 2,Média do Indice de Hullermeier
10,4,6.512,0.737667868067631132422003342048704616265674538705266479856149131899582483985753507313534267321712571951190532960313837682824471057792070548945263595614715935550907193070100908423942313383673876549302823617859919045577553816321079096089291825236675768732142651383225610485625921622766556382938910646792764624480372146842186816643998885557126900044844721631174765653161714607964853936470939875652027144,0.7806459405043336966655328274698475274824791758311746842319937598313025986204507686975225909430990240458022123368193460202786603252764959132608304253927630895333874099175830256502319659283206130612424790727941102970935393291684660689099512991258108623670339490800279010949817829259740206676296363778682854811383525189501174331908157911259663144994419995307615233428473250801510749224540332661543531304,0.7784062062451893547179158280210372212782914880167728810400659346243767482759460488230113342180304608471978381127904318361714077487061256945153286477565937753121935102966853679811840665058653804637736827715452693039127851228784321586994541026929956182734803821803780977747206453082700975256231967905929777330954703580345392848218852287428493104393530414656374393536941997804569659700741616217695797768,0.7655733382723847279351506658465297883421484008510713483760696087850872769607167749446893974942806856147301944699745385130915130439248973855738075562546909334654960377614564340184527819392866233581063284873997662155279594227893257745662324090184940831242189942145438697851094499523368915253972479384180092795713983412756145115522333018086475083278799208758579094499010798228576316096663782545253200171
