{"observacoes": 10, "u": [[0.523275036687249, 0.8876967371901503, 0.523361703430673, 0.5916725163434988, 0.46527422811227426, 0.9621913166871178, 0.7056560906073492, 0.2873983957451885, 0.4481083979610024, 0.4714251807510263], [0.47672496331275105, 0.1123032628098497, 0.47663829656932694, 0.40832748365650123, 0.5347257718877257, 0.037808683312882264, 0.29434390939265076, 0.7126016042548116, 0.5518916020389976, 0.5285748192489736]]}