{
	"observacoes": 10,
	"u": [
		[
			0.6669610318406164, 0.09911907037593609, 0.5604470556906074,
			0.49069524074863446, 0.11741527108461305, 0.18889861917726014,
			0.39731123734862533, 0.8259229597483216, 0.8278143728355815,
			0.6276798747644654
		],
		[
			0.3330389681593836, 0.9008809296240639, 0.4395529443093926,
			0.5093047592513656, 0.882584728915387, 0.8111013808227397,
			0.6026887626513746, 0.17407704025167833, 0.1721856271644185,
			0.3723201252355346
		]
	]
}
