{
	"observacoes": 10,
	"u": [
		[
			0.61012336562112, 0.03952374072593105, 0.6272285017252248,
			0.567708673115699, 0.422227661647486, 0.7522622186719241,
			0.08054706511235397, 0.4634889561078975, 0.051010119612266716,
			0.5578823394397496
		],
		[
			0.38987663437888, 0.960476259274069, 0.3727714982747752,
			0.43229132688430105, 0.5777723383525141, 0.24773778132807592,
			0.919452934887646, 0.5365110438921026, 0.9489898803877332,
			0.44211766056025037
		]
	]
}
